cycle,state,modeldate,candidate_name,startdate,enddate,pollster,samplesize,population,weight,influence,pct,house_adjusted_pct,trend_and_house_adjusted_pct,tracking,poll_id,question_id
2020,Pennsylvania,44138,Joseph R. Biden Jr.,44095,9/26/2020,ABC News/The Washington Post,568,lv,1.245238,0,54,53.25167,53.8772,NA,70024,130435
2020,North Carolina,44138,Joseph R. Biden Jr.,"Monday, October 12, 2020",44121,ABC News/The Washington Post,646,lv,1.407856,0.4391763,49.5,49.22849,49.18126,NA,71441,133793
2020,Pennsylvania,44138,Joseph R. Biden Jr.,44069,9/1/2020,ALG Research,500,lv,0.6473723,0,50,49.87816,51.00852,NA,70092,130584
2020,North Carolina,"Tuesday, November 3, 2020",Joseph R. Biden Jr.,44096,"Monday, September 28, 2020",ALG Research,822,v,0.6241342,0,50,48.70365,49.34225,NA,70106,130600
2020,Pennsylvania,44138,Joseph R. Biden Jr.,"Wednesday, September 30, 2020",44112,Baldwin Wallace University,1140,LV,0.791219,0.1186829,49.6,50.42418,99,NA,70721,132290
2020,Pennsylvania,44138,Joseph R. Biden Jr.,"Tuesday, September 8, 2020",9/22/2020,Baldwin Wallace University,1012,lv,0.7620288,0,47.3,48.12308,49.02236,NA,69702,129962
2020,Pennsylvania,44138,Joseph R. Biden Jr.,"Friday, August 28, 2020",9/8/2020,Benenson Strategy Group/GS Strategy Group,1600,lv,2.26868,0,49,49.23656,50.30337,NA,68581,128408
2020,North Carolina,44138,Joseph R. Biden Jr.,44071,44082,Benenson Strategy Group/GS Strategy Group,1600,lv,2.26868,0,48,47.91197,49.01786,NA,68576,128402
2020,North Carolina,44138,Joseph R. Biden Jr.,44034,44036,Cardinal Point Analytics (CardinalGPS),735,lv,0.7,0,46.8,47.41267,48.60242,NA,67834,126975
2020,North Carolina,44138,Joseph R. Biden Jr.,44025,44027,Cardinal Point Analytics (CardinalGPS),547,lv,0.6,0,47.7,48.31337,49.52461,NA,67586,126453
2020,Pennsylvania,44138,Joseph R. Biden Jr.,44120,44123,Change Research,574,lv,0.5338545,0.2114914,49,49.49,49.41466,NA,71523,133961
2020,Pennsylvania,44138,Joseph R. Biden Jr.,"Friday, October 2, 2020",44108,Change Research,468,lv,0.547435,0.0533378,50,50.48972,50.62025,NA,70608,132013
2020,Pennsylvania,44138,Joseph R. Biden Jr.,"Friday, September 18, 2020",9/20/2020,Change Research,579,lv,0.5571989,0,49,49.48966,50.28988,NA,69685,129907
2020,Pennsylvania,44138,Joseph R. Biden Jr.,"Friday, September 4, 2020",9/6/2020,Change Research,829,lv,0.7047589,0,50,50.48972,51.55084,NA,68537,128312
2020,Pennsylvania,44138,Joseph R. Biden Jr.,44064,44066,Change Research,984,lv,0.8284237,0,49,49.48966,50.62167,NA,68208,127745
2020,Pennsylvania,44138,Joseph R. Biden Jr.,44050,44052,Change Research,456,lv,0.5331308,0,48,48.48935,49.51677,NA,68015,127366
2020,Pennsylvania,44138,Joseph R. Biden Jr.,44036,44038,Change Research,382,lv,0.4084386,0,48,48.48935,49.68142,NA,67812,126906
2020,Pennsylvania,44138,Joseph R. Biden Jr.,44022,44024,Change Research,743,lv,0.6155448,0,50,50.48972,51.77295,NA,67091,125354
2020,North Carolina,44138,Joseph R. Biden Jr.,"Friday, October 16, 2020",44123,Change Research,521,lv,0.5323088,0.1919713,50,49.92628,49.85628,NA,71522,133960
2020,North Carolina,"Tuesday, November 3, 2020",Joseph R. Biden Jr.,44106,"Sunday, October 4, 2020",Change Research,396,lv,0.4976829,0.0064367,49,48.9263,49.05155,NA,70607,132012
2020,North Carolina,"Tuesday, November 3, 2020",Joseph R. Biden Jr.,44092,"Sunday, September 20, 2020",Change Research,579,lv,0.5966712,0,48,47.92636,48.77554,NA,69684,129906
2020,North Carolina,44138,Joseph R. Biden Jr.,44078,44080,Change Research,442,lv,0.5026088,0,49,48.9263,50.028,NA,68536,128311
2020,North Carolina,44138,Joseph R. Biden Jr.,44064,44066,Change Research,560,lv,0.6481425,0,48,47.92636,49.05305,NA,68207,127744
2020,North Carolina,44138,Joseph R. Biden Jr.,44050,44052,Change Research,491,lv,0.6,0,47,46.92645,47.9892,NA,68014,127365
2020,North Carolina,44138,Joseph R. Biden Jr.,44036,44038,Change Research,284,lv,0.3,0,49,48.9263,50.09818,NA,67811,126905
2020,North Carolina,44138,Joseph R. Biden Jr.,44022,44024,Change Research,655,lv,0.6,0,47,46.92645,48.11309,NA,67090,125353
2020,North Carolina,44138,Joseph R. Biden Jr.,44008,44010,Change Research,468,lv,0.4795664,0,51,50.9263,51.97267,NA,66959,125032
2020,Pennsylvania,11/3/2020,Joseph R. Biden Jr.,10/17/2020,10/20/2020,Citizen Data,1000,lv,0.84,0.3767777,43.99,45.70989,45.65656,NA,72185,135395
2020,North Carolina,44138,Joseph R. Biden Jr.,44121,44124,Citizen Data,1000,lv,0.8386342,0.3464956,50.15,49.93648,49.888,NA,72183,135393
2020,Pennsylvania,11/3/2020,Joseph R. Biden Jr.,10/23/2020,44130,Civiqs,1145,lv,0.89,0.6865926,52,50.96398,50.92224,NA,72039,135049
2020,Pennsylvania,44138,Joseph R. Biden Jr.,43888,"$43,893.00",Civiqs,2462,a,0.9992957,0,46,46.68612,48.88914,NA,71656,134242
2020,Pennsylvania,44138,Joseph R. Biden Jr.,43904,"$43,908.00",Civiqs,1589,a,0.7600638,0,46,46.68612,49.02021,NA,71655,134241
2020,Pennsylvania,44138,Joseph R. Biden Jr.,43925,"$43,929.00",Civiqs,1912,a,0.9893469,0,47,47.68723,50.31694,NA,71654,134240
2020,Pennsylvania,44138,Joseph R. Biden Jr.,43981,"$43,984.00",Civiqs,2045,a,0.8522091,0,49,49.68839,51.34432,NA,71653,134239
2020,Pennsylvania,44138,Joseph R. Biden Jr.,43988,43993,Civiqs,1221,a,0.5665522,0,49,49.68839,51.02766,NA,71652,134238
2020,Pennsylvania,44138,Joseph R. Biden Jr.,44121,44125,Civiqs,1577,a,0.6416456,0.2702048,52,52.6875,52.60624,NA,71651,134237
2020,Pennsylvania,44138,Joseph R. Biden Jr.,"Thursday, October 8, 2020",44115,Civiqs,600,lv,0.4137503,0.1009629,52,50.48113,50.44353,NA,71104,133107
2020,Pennsylvania,44138,Joseph R. Biden Jr.,"Friday, September 11, 2020",9/15/2020,Civiqs,549,rv,0.5378139,0,52,51.36915,52.31794,NA,69537,129546
2020,Pennsylvania,44138,Joseph R. Biden Jr.,44056,44060,Civiqs,617,rv,0.5686046,0,51,50.36877,51.33498,NA,68148,127645
2020,North Carolina,44138,Joseph R. Biden Jr.,"Sunday, October 11, 2020",NA,Civiqs,1211,lv,1.037819,0.2824152,51,50.05919,50.01477,NA,71070,133032
2020,Pennsylvania,44138,Joseph R. Biden Jr.,"Tuesday, September 8, 2020",9/11/2020,Climate Nexus,659,rv,0.6591295,0,48,49.10949,50.1032,NA,69559,129592
2020,Pennsylvania,44138,Joseph R. Biden Jr.,"Tuesday, September 15, 2020",9/17/2020,CPEC,820,lv,0.6651533,0,50.3,50.25144,51.13179,NA,69704,129973
2020,North Carolina,44138,Joseph R. Biden Jr.,"Thursday, October 15, 2020",44122,Data for Progress,929,lv,0.6487843,0.2074012,48,47.006,46.95403,NA,71752,134442
2020,North Carolina,"Tuesday, November 3, 2020",Joseph R. Biden Jr.,44104,44109,Data for Progress,1285,lv,0.8660193,0.0112307,51,50.00449,50.14535,NA,70657,132125
2020,North Carolina,44138,Joseph R. Biden Jr.,44036,44045,Data for Progress,1170,lv,1.2,0,47.5,47.13413,48.28976,NA,67937,127192
2020,North Carolina,44138,Joseph R. Biden Jr.,44131,44132,East Carolina University,1103,lv,1.042639,0.939135,50.32,50.39392,50.39997,NA,72332,135709
2020,North Carolina,44138,Joseph R. Biden Jr.,"Thursday, October 15, 2020",44122,East Carolina University,1155,lv,0.9392156,0.3056913,50.6,50.67391,50.6295,NA,71452,133822
2020,North Carolina,"Tuesday, November 3, 2020",Joseph R. Biden Jr.,44106,"Sunday, October 4, 2020",East Carolina University,1232,lv,1.098552,0.0142136,50.4,50.47392,50.62245,NA,70614,132028
2020,North Carolina,44138,Joseph R. Biden Jr.,44072,44073,East Carolina University,1101,lv,1.125847,0,46.6,46.67371,47.85116,NA,68307,127932
2020,North Carolina,44138,Joseph R. Biden Jr.,44055,44056,East Carolina University,1255,rv,1.1,0,46.5,47.4599,48.47969,NA,68076,127504
2020,North Carolina,44138,Joseph R. Biden Jr.,44004,44007,East Carolina University,1149,rv,1.077109,0,45.1,46.05733,47.10093,NA,66953,125022
2020,Pennsylvania,44138,Joseph R. Biden Jr.,"Sunday, October 4, 2020",44109,Emerson College,688,lv,99,0.1640431,50.8,49.94432,50.0448,NA,70620,132039
2020,Pennsylvania,44138,Joseph R. Biden Jr.,44051,44053,Emerson College,843,lv,1.436415,0,53.31,52.4561,53.4774,NA,68007,127354
2020,North Carolina,44138,Joseph R. Biden Jr.,"Tuesday, October 13, 2020",NA,Emerson College,721,lv,1.202496,0.3440265,49.2,48.7036,48.64693,NA,71161,133223
2020,North Carolina,"Tuesday, November 3, 2020",Joseph R. Biden Jr.,44090,"Friday, September 18, 2020",Emerson College,717,lv,1.27042,0,50.81,50.31351,51.2321,NA,69570,129616
2020,North Carolina,44138,Joseph R. Biden Jr.,44051,44053,Emerson College,673,lv,1.2,0,49.41,48.91355,49.97494,NA,68006,127353
2020,Pennsylvania,44138,Joseph R. Biden Jr.,44121,44124,Fox News/Beacon Research/Shaw & Co. Research,1045,lv,1.7732,0.796655,50,49.68,49.60559,NA,71627,134185
2020,Pennsylvania,44138,Joseph R. Biden Jr.,44094,9/23/2020,Fox News/Beacon Research/Shaw & Co. Research,856,lv,1.524044,0,51,50.6817,51.38206,NA,69962,130284
2020,Pennsylvania,44138,Joseph R. Biden Jr.,44030,44032,Fox News/Beacon Research/Shaw & Co. Research,793,rv,1.283909,0,50,50.56985,51.82428,NA,67647,126563
2020,North Carolina,44138,Joseph R. Biden Jr.,44072,44075,Fox News/Beacon Research/Shaw & Co. Research,722,lv,1.331984,0,50,50.00501,51.18423,NA,68339,128019
2020,North Carolina,44138,Joseph R. Biden Jr.,44002,44005,Fox News/Beacon Research/Shaw & Co. Research,1012,rv,1.557636,0,47,47.89174,48.94084,NA,66918,124955
2020,Pennsylvania,11/3/2020,Joseph R. Biden Jr.,10/19/2020,44129,Franklin & Marshall College,558,lv,0.88,0.5393246,50,50.0958,50.03267,NA,72172,135367
2020,Pennsylvania,44138,Joseph R. Biden Jr.,"Monday, September 14, 2020",9/20/2020,Franklin & Marshall College,480,lv,0.7896083,0,48,48.09571,48.95696,NA,69708,129978
2020,Pennsylvania,44138,Joseph R. Biden Jr.,44060,44066,Franklin & Marshall College,681,rv,0.9141793,0,49,49.98394,51.0765,NA,68221,127781
2020,Pennsylvania,44138,Joseph R. Biden Jr.,44032,44038,Franklin & Marshall College,667,rv,0.90144,0,50,50.98394,52.20291,NA,67836,126979
2020,Pennsylvania,44138,Joseph R. Biden Jr.,44091,9/19/2020,Garin-Hart-Yang Research Group,400,lv,0.565323,0,53,51.22491,52.05267,NA,69984,130329
2020,North Carolina,"Tuesday, November 3, 2020",Joseph R. Biden Jr.,44098,"Sunday, September 27, 2020",Garin-Hart-Yang Research Group,400,lv,0.565323,0,49,47.71228,48.32658,NA,70133,130664
2020,North Carolina,44138,Joseph R. Biden Jr.,43934,43937,GBAO,500,lv,0.8061572,0,48,47.87635,49.98863,NA,67053,125282
2020,Pennsylvania,44138,Joseph R. Biden Jr.,44056,44062,Global Strategy Group,801,rv,0.5862823,0,51.5,50.68467,51.70432,NA,68264,127876
2020,Pennsylvania,44138,Joseph R. Biden Jr.,44063,44067,GQR Research (GQRR),500,lv,0.7012613,0,52,50.22805,51.35049,NA,68259,127869
2020,PA,44138,Joseph R. Biden Jr.,44127,"$44,127.00",Gravis Marketing,602,lv,0.76,0.5524664,51,51.23043,51.19273,NA,71824,134618
2020,Pennsylvania,44138,Joseph R. Biden Jr.,44034,44036,Gravis Marketing,1006,lv,0.9798656,0,48,48.2303,49.45415,NA,67659,126662
2020,North Carolina,44138,Joseph R. Biden Jr.,44130,44131,Gravis Marketing,614,lv,0.7707279,0.6702192,49,49.5144,49.51551,NA,72153,135302
2020,North Carolina,44138,Joseph R. Biden Jr.,44126,44129,Harper Polling,504,lv,0.8616698,0.5807495,47,48.61436,48.53727,NA,72139,135268
2020,North Carolina,"Tuesday, November 3, 2020",Joseph R. Biden Jr.,44091,"Sunday, September 20, 2020",Harper Polling,612,lv,0.9923094,0,44,45.60521,46.42874,NA,69650,129955
2020,North Carolina,44138,Joseph R. Biden Jr.,44049,44053,Harper Polling,600,lv,1,0,45,46.60909,47.6485,NA,68051,127443
2020,Pennsylvania,44138,Joseph R. Biden Jr.,"Monday, October 12, 2020",44119,Harris Insights & Analytics,992,lv,0.8644356,0.2780062,51,51.1684,51.11764,NA,71179,133261
2020,Pennsylvania,11/3/2020,Joseph R. Biden Jr.,44130,10/29/2020,HarrisInsightsAnalytics,901,lv,0.9,0.77323,51,51.1684,51.16853,NA,72237,135523
2020,North Carolina,44138,Joseph R. Biden Jr.,44035,44043,HIT Strategies,400,rv,0.4,0,47,46.58477,47.74956,NA,67983,127298
2020,Pennsylvania,44138,Joseph R. Biden Jr.,44069,8/31/2020,Hodas & Associates,600,lv,0.7015365,0,51.12,51.61408,52.70861,NA,68484,128205
2020,Pennsylvania,44138,Joseph R. Biden Jr.,44029,44034,Hodas & Associates,600,lv,0.7015365,0,50.83,51.32417,52.52066,NA,67907,127130
2020,Pennsylvania,44138,Joseph R. Biden Jr.,44098,9/26/2020,IBD/TIPP,774,lv,1.443998,0,49.7,50.01836,50.61081,NA,70001,130391
2020,Pennsylvania,44138,Joseph R. Biden Jr.,10/20/2020,44130,Ipsos,655,lv,0.64,0.4034152,50.5,50.94361,50.88847,NA,71976,134925
2020,Pennsylvania,44138,Joseph R. Biden Jr.,"Tuesday, October 13, 2020",44123,Ipsos,653,lv,0.6370794,0.2105985,49,49.44,49.38496,NA,71379,133664
2020,Pennsylvania,44138,Joseph R. Biden Jr.,"Tuesday, October 6, 2020",44115,Ipsos,622,lv,0.6545612,0.1295789,51,51.4435,51.46373,NA,70741,132339
2020,Pennsylvania,44138,Joseph R. Biden Jr.,"Tuesday, September 29, 2020",44109,Ipsos,605,lv,0.7592051,0.0240902,50,50.44366,50.68629,NA,70585,131968
2020,Pennsylvania,44138,Joseph R. Biden Jr.,"Friday, September 11, 2020",9/16/2020,Ipsos,611,lv,0.8740835,0,49,49.443600000000004,50.39291,NA,69626,129812
2020,North Carolina,44138,Joseph R. Biden Jr.,"Wednesday, October 21, 2020",44131,Isos,647,lv,0.6158097,0.4079825,49,49.51072,49.46658,NA,72059,135092
2020,North Carolina,44138,Joseph R. Biden Jr.,"Wednesday, October 14, 2020",44124,Ipsos,660,lv,0.6215126,0.1974436,49,49.51072,49.45313,NA,71463,133846
2020,North Carolina,44138,Joseph R. Biden Jr.,44111,44117,Ipsos,660,lv,0.6602848,0.1163536,48,48.5104,48.49193,NA,70786,132431
2020,North Carolina,"Tuesday, November 3, 2020",Joseph R. Biden Jr.,44103,"Tuesday, October 6, 2020",Ipsos,601,lv,0.7594614,0,47,47.50981,47.72636,NA,70616,132032
2020,North Carolina,"Tuesday, November 3, 2020",Joseph R. Biden Jr.,44085,"Wednesday, September 16, 2020",Ipsos,586,lv,0.851409,0,47,47.50981,48.51365,NA,69662,129867
2020,North Carolina,"Tuesday, November 3, 2020",Joseph R. Biden Jr.,44072,44087,Kaiser Family Foundation,1172,rv,1.67781,0,45,46.46817,47.55017,NA,69502,129468
2020,Pennsylvania,44138,Joseph R. Biden Jr.,44074,9/7/2020,Marist College,771,lv,1.560091,0,53,52.2066,53.27057,NA,68532,128302
2020,North Carolina,44138,Joseph R. Biden Jr.,44129,44132,Marist College,800,lv,1.611677,1.401502,52,50.69932,50.71867,NA,72331,135702
2020,North Carolina,44138,Joseph R. Biden Jr.,44026,44034,Marist College,882,rv,1.6,0,51,50.58697,51.8398,NA,67669,126680
2020,North Carolina,44138,Joseph R. Biden Jr.,44128,44131,Meeting Street Research,600,lv,0.7014403,0.5870991,48,49.04302,48.99615,NA,72397,135837
2020,North Carolina,44138,Joseph R. Biden Jr.,"Friday, October 16, 2020",44123,Meredith College,732,lv,0.8143851,0.3099262,48.1,48.35454,48.31055,NA,71746,134425
2020,North Carolina,"Tuesday, November 3, 2020",Joseph R. Biden Jr.,44092,"Tuesday, September 22, 2020",Meredith College,705,rv,0.7444701,0,45.7,46.83889,47.67994,NA,70010,130412
2020,Pennsylvania,44138,Joseph R. Biden Jr.,"Wednesday, September 30, 2020",44108,Monmouth University,500,lv,1.129217,0.0941015,53.5,53.07961,53.23301,NA,70599,131998
2020,Pennsylvania,44138,Joseph R. Biden Jr.,44071,44074,Monmouth University,400,lv,0.9060031,0,48.5,48.07876,49.19991,NA,68319,127965
2020,Pennsylvania,44138,Joseph R. Biden Jr.,44021,44025,Monmouth University,401,lv,0.9082416,0,51.5,51.07862,52.36125,NA,67101,125391
2020,North Carolina,44138,Joseph R. Biden Jr.,44112,44115,Monmouth University,500,lv,1.129217,0.2398337,49.5,49.33411,49.29909,NA,70780,132414
2020,North Carolina,44138,Joseph R. Biden Jr.,44072,44075,Monmouth University,401,lv,0.9082416,0,48,47.83427,48.98732,NA,68464,128156
2020,North Carolina,44138,Joseph R. Biden Jr.,44072,44081,Morning Con,1,lv,0.9601743,0,48,47.84831,48.95636,TRUE,68548,128325
2020,Pennsylvania,44138,NA,44115,44124,Morning Consult,856.5,NA,0.6001908,0,49,49.51072,50.021384999999995,NA,70607,132012
2020,Pennsylvania,44138,Joseph R. Biden Jr.,"Friday, October 2, 2020",44115,Morning Consult,2610,lv,0.9761202,0.1626984,52,51.83825,51.85999,TRUE,70760,132369
2020,Pennsylvania,44138,Joseph R. Biden Jr.,"Saturday, August 29, 2020",9/7/2020,Morning Consult,2227,lv,1.041242,0,50,49.8381,50.89816,TRUE,68550,128327
2020,Pennsylvania,44138,Joseph R. Biden Jr.,44064,44073,Morning Consult,2158,lv,0.9042551,0,49,48.83814,49.97576,TRUE,68296,127917
2020,Pennsylvania,44138,Joseph R. Biden Jr.,44050,44059,Morning Consult,1777,lv,1.156262,0,50,49.8381,50.78598,TRUE,68285,127906
2020,Pennsylvania,44138,Joseph R. Biden Jr.,43968,43977,Morning Consult,2120,lv,1.211936,0,48,47.83828,49.98344,TRUE,67801,126887
2020,Pennsylvania,44138,Joseph R. Biden Jr.,44029,44038,MorningConsult,2092,lv,1.207903,0,50,49.8381,51.04383,TRUE,67693,126757
2020,North Carolina,44138,Joseph R. Biden Jr.,"Sunday, October 11, 2020",44124,Morning Consult,1904,lv,0.8454283,0.2437091,50,49.84815,49.77348,TRUE,71643,134215
2020,North Carolina,44138,Joseph R. Biden Jr.,44106,44115,Morning Consult,1993,lv,0.9278,0.0959775,50,49.84815,49.86258,TRUE,70758,132367
2020,North Carolina,44138,Joseph R. Biden Jr.,44064,44073,Morning Consult,1567,lv,0.7512193,0,49,48.84819,49.98857,TRUE,68295,127916
2020,North Carolina,44138,Joseph R. Biden Jr.,44050,44059,Morning Consult,1493,lv,0.9235623,0,49,48.84819,49.84546,TRUE,68284,127905
2020,North Carolina,44138,Joseph R. Biden Jr.,44057,44066,Morning Consult,1541,lv,0.9,0,49,48.84819,49.91556,NA,68178,127696
2020,North Carolina,11111,Joseph R. Biden Jr.,43968,43977,Morning Consult,1403,lv,1.1,0,46,45.84879,47.94419,TRUE,67799,126885
2020,North Carolina,44138,Joseph R. Biden Jr.,44029,44038,Morning Consult,1504,lv,1.1,0,47,46.84851,48.03346,TRUE,67691,126755
2020,Pennsylvania,11/3/2020,Joseph R. Biden Jr.,NA,10/28/2020,Muhlenberg College,419,lv,0.8897241,0.7177963,49,48.76827,48.80106,NA,72401,135851
2020,Pennsylvania,44138,Joseph R. Biden Jr.,44117,"$44,124.00",Muhlenberg College,416,lv,0.88,0.344908,51,50.76825,50.75404,NA,71736,134408
2020,Pennsylvania,44138,Joseph R. Biden Jr.,44054,44060,Muhlenberg College,416,lv,0.8952302,0,49,48.76827,49.77896,NA,68138,127631
2020,Pennsylvania,44138,Joseph R. Biden Jr.,44045,44047,OnMessage Inc.,400,lv,0.5514615,0,50,51.21359,52.31232,NA,68115,127579
2020,Pennsylvania,44138,Joseph R. Biden Jr.,10/25/2020,44129,Opinion Savvy/InsiderAdvantage,400,lv,0.52,0.40331090000000003,45.5,46.92356,46.90091,NA,71969,134912
2020,Pennsylvania,44138,Joseph R. Biden Jr.,"Monday, October 12, 2020",44117,Opinion Savvy/InsiderAdvantage,400,lv,0.6001908,0.1826773,45.8,47.22436,47.17924,NA,71099,133095
2020,Pennsylvania,11/3/2020,Joseph R. Biden Jr.,44132,10/29/2020,Public Policy Polling,1012,v,0.6001908,0,49,49.51072,50.021384999999995,NA,70607,132012
2020,Pennsylvania,44138,Joseph R. Biden Jr.,44125,"$44,126.00",Public Policy Polling,890,v,0.7324647,0.3803294,51,49.69312,49.60751,NA,71678,134285
2020,North Carolina,44138,Joseph R. Biden Jr.,"Monday, October 26, 2020",44131,Public Policy,937,v,0.9492856,0.8254917,51,49.85094,49.84616,NA,72057,135090
2020,NC,"Tuesday, November 3, 2020",Joseph R. Biden Jr.,44108,"Monday, October 5, 2020",Public Policy Polling,911,v,1.22716,0.0651589,50,49.32602,49.42479,NA,70576,131666
2020,North Carolina,44138,Joseph R. Biden Jr.,44042,44043,Public Policy Polling,934,v,0.7,0,49,47.85161,48.99701,NA,67985,127305
2020,North Carolina,0.00000,Joseph R. Biden Jr.,44035,44036,Public Policy Polling,884,v,0.7,0,49,47.85161,49.04854,NA,67789,126872
2020,North Carolina,44138,Joseph R. Biden Jr.,44019,44020,Public Policy Polling,818,v,0.9859976,0,50,49.32602,50.51114,NA,67044,125267
2020,Pennsylvania,11/3/2020,Biden,44127,10/27/2020,Quinnipiac University,1324,lv,1.66,1.286813,51,49.90831,49.87751,NA,72222,135487
2020,Pennsylvania,44138,Joseph R. Biden Jr.,44120,44123,Quinnipiac University,1241,lv,1.510332,0.6092092,51,49.91,49.83975,NA,71555,134042
2020,Pennsylvania,44138,Joseph R. Biden Jr.,"Thursday, October 1, 2020",44109,Quinnipiac University,1211,lv,1.664769,0.1642187,54,52.91157,53.04825,NA,70649,132109
2020,Pennsylvania,44138,Joseph R. Biden Jr.,44071,9/1/2020,Quinnipiac University,1107,lv,1.636533,0,52,50.90884,52.0364,NA,68466,128167
2020,Pennsylvania,44138,Joseph R. Biden Jr.,"Sunday, October 18, 2020",44123,Rasmussen Reports/Pulse Opinion Research,800,lv,0.7878715,0.3413029,50,50.42,50.3406,NA,71457,133838
2020,Pennsylvania,44138,Joseph R. Biden Jr.,44068,44070,Rasmussen Reports/Pulse Opinion Research,1000,lv,1.034299,0,47.82,48.23784,49.39486,NA,68461,128152
2020,Pennsylvania,44138,Joseph R. Biden Jr.,44027,44028,Rasmussen Reports/Pulse Opinion Research,750,lv,0.8990448,0,51,51.4181,52.69289,NA,67600,126475
2020,North Carolina,44138,Joseph R. Biden Jr.,"Tuesday, October 20, 2020",44125,Rasmussen Reports/Pulse Opinion Research,800,lv,0.772267,0.3594338,48,48.5744,48.50755,NA,71662,134249
2020,North Carolina,44138,Joseph R. Biden Jr.,44081,44082,Rasmussen Reports/Pulse Opinion Research,1000,lv,1.034299,0,47.94,48.51437,49.59297,NA,69408,129258
2020,North Carolina,44138,Joseph R. Biden Jr.,44049,44050,Rasmussen Reports/Pulse Opinion Research,750,lv,0.9,0,47.26,47.83395,48.9149,NA,67984,127302
2020,Pennsylvania,44138,Joseph R. Biden Jr.,"Sunday, October 4, 2020",44110,Redfield & Wilton Strategies,927,lv,0.4569446,0.0530524,49,49.72314,49.80518,NA,70709,132263
2020,Pennsylvania,44138,Joseph R. Biden Jr.,44097,9/25/2020,Redfield & Wilton Strategies,1015,lv,0.6559113,0,50,50.72319,51.33795,NA,70126,130653
2020,Pennsylvania,44138,Joseph R. Biden Jr.,"Saturday, September 12, 2020",9/14/2020,Redfield & Wilton Strategies,1036,lv,0.6157321,0,49,49.72314,50.66599,NA,69546,129564
2020,Pennsylvania,44138,Joseph R. Biden Jr.,44059,44060,Redfield & Wilton Strategies,1006,lv,0.8404686,0,48,48.72272,49.71105,NA,68157,127658
2020,Pennsylvania,44138,Joseph R. Biden Jr.,44031,44033,Redfield & Wilton Strategies,1016,lv,0.8434952,0,48,48.72272,49.95597,NA,67841,126985
2020,North Carolina,44138,Joseph R. Biden Jr.,44108,44110,Redfield & Wilton Strategies,938,lv,0.4888562,0.0228328,49,50.11975,50.20273,NA,70707,132261
2020,North Carolina,"Tuesday, November 3, 2020",Joseph R. Biden Jr.,44097,"Saturday, September 26, 2020",Redfield & Wilton Strategies,1097,lv,0.6668124,0,47,48.11811,48.74291,NA,70124,130651
2020,North Carolina,"Tuesday, November 3, 2020",Joseph R. Biden Jr.,44086,44089,Redfield & Wilton Strategies,1092,lv,0.6404983,0,47,48.11811,49.1132,NA,69545,129563
2020,North Carolina,44138,Joseph R. Biden Jr.,44073,44077,Redfield & Wilton Strategies,951,lv,0.6910198,0,43,44.10795,45.24002,NA,68523,128288
2020,North Carolina,44138,Joseph R. Biden Jr.,44059,44060,Redfield & Wilton Strategies,967,lv,0.8,0,44,45.11135,46.13823,NA,68156,127657
2020,North Carolina,44138,Joseph R. Biden Jr.,44031,44033,Redfield & Wilton Strategies,919,lv,0.8,0,43,44.10795,45.30535,NA,67839,126983
2020,North Carolina,44138,Joseph R. Biden Jr.,43996,43999,Redfield & Wilton Strategies,902,lv,0.8065658,0,46,47.11643,48.23368,NA,66905,124932
2020,Pennsylvania,11/3/2020,Joseph R. Biden Jr.,10/25/2020,44131,RMG Research,800,lv,0.81,0.6569993,51,51.44563,51.43074,NA,72169,135361
2020,Pennsylvania,44138,Joseph R. Biden Jr.,"Wednesday, October 7, 2020",44116,RMG Research,800,lv,0.8066381,0.1876525,49,49.44573,49.45204,NA,70988,132833
2020,North Carolina,44138,Joseph R. Biden Jr.,"Saturday, October 24, 2020",44130,RMG Research,800,lv,0.8138771,0.6546736,48,48.77704,48.75361,NA,72054,135084
2020,North Carolina,44138,Joseph R. Biden Jr.,44111,44115,RMG Research,800,lv,0.8106462,0.1397044,47,47.77621,47.7742,NA,70797,132449
2020,Pennsylvania,44138,Joseph R. Biden Jr.,"Wednesday, September 30, 2020",44106,Siena College/The New York Times Upshot,706,lv,1.443402,0.0952916,49,49.56757,49.75958,NA,70501,131409
2020,Pennsylvania,44138,Joseph R. Biden Jr.,44099,9/27/2020,Siena College/The New York Times Upshot,711,lv,1.453092,0,49,49.56757,50.12949,NA,70017,130426
2020,North Carolina,44138,Joseph R. Biden Jr.,"Friday, October 9, 2020",NA,Siena College/The New York Times Upshot,627,lv,1.314971,0.304192,46,46.64479,46.60834,NA,70998,132861
2020,North Carolina,"Tuesday, November 3, 2020",Joseph R. Biden Jr.,44085,44090,Siena College/The New York Times Upshot,653,lv,1.382465,0,45,45.64341,46.64757,NA,69525,129508
2020,Pennsylvania,44138,Joseph R. Biden Jr.,44027,44032,Spry Strategies,700,lv,0.7138253,0,47.02,48.81589,50.07093,NA,67628,126528
2020,North Carolina,44138,Joseph R. Biden Jr.,44024,44028,Spry Strategies,700,lv,0.7,0,45.52,47.18867,48.39563,NA,67627,126527
2020,Pennsylvania,44138,Joseph R. Biden Jr.,44119,44124,SSRS,843,lv,1.169078,0.493046,53,52.1,52.03399,NA,71564,134058
2020,North Carolina,44138,Joseph R. Biden Jr.,44127,44134,SSRS,901,lv,1.216466,1.057829,51,50.19704,50.17222,NA,72418,135883
2020,North Carolina,44138,Joseph R. Biden Jr.,44083,44087,SSRS,787,lv,1.120816,0,49,48.19737,49.22852,NA,69462,129368
2020,Pennsylvania,44138,Joseph R. Biden Jr.,44119,44123,Suffolk University,500,lv,1.00103,0.3946089,48.6,49.06,49.008540000000004,NA,71533,133979
2020,North Carolina,"Tuesday, November 3, 2020",Joseph R. Biden Jr.,44085,44088,Suffolk University,500,lv,1.00103,0,46.8,47.10757,48.11973,NA,69504,129473
2020,Pennsylvania,11/3/2020,Joseph R. Biden Jr.,NA,10/29/2020,SurveyMonkey,5786,lv,0.0335261,0.020618,52,50.68518,50.65336,TRUE,72357,135797
20,Pennsylvania,11/3/2020,Joseph R. Biden Jr.,44105,10/28/2020,SurveyMonkey,1,lv,0.4175465,0.1340907,52,50.68518,50.64987,TRUE,72254,135594
2020,Pennsylvania,11/3/2020,Joseph R. Biden Jr.,9/30/2020,44131,SurveyMonkey,10250,lv,0.03,0.0085503,52,50.68518,50.65254,TRUE,72100,135227
2020,Pennsylvania,44138,Joseph R. Biden Jr.,9/28/2020,44129,SurveyMonkey,9986,lv,0.07,0.0157106,52,50.68518,50.68615,TRUE,71990,134993
2020,Pennsylvania,44138,Joseph R. Biden Jr.,9/27/2020,44128,SurveyMonkey,9903,lv,0.04,0.0077331,52,50.68518,50.69996,TRUE,71905,134819
2020,Pennsylvania,44138,Joseph R. Biden Jr.,44100,"$44,127.00",SurveyMonkey,9777,lv,0.04,0.0076056,52,50.68518,50.71483,TRUE,71838,134684
2020,Pennsylvania,44138,Joseph R. Biden Jr.,44099,"$44,126.00",SurveyMonkey,9615,lv,0.05,0.006119,52,50.68518,50.77949,TRUE,71777,134553
2020,Pennsylvania,44138,Joseph R. Biden Jr.,44098,"$44,125.00",SurveyMonkey,9301,lv,0.05,0.0055268,52,50.68518,50.79485,TRUE,71694,134354
2020,Pennsylvania,44138,Joseph R. Biden Jr.,44096,44124,SurveyMonkey,9131,lv,0.089875,0.0097267,52,50.69,50.81253,TRUE,71581,134129
2020,Pennsylvania,44138,Joseph R. Biden Jr.,44095,44123,SurveyMonkey,8803,lv,0.0452541,0.0043384,52,50.69,50.83089,TRUE,71479,133917
2020,Pennsylvania,44138,Joseph R. Biden Jr.,"Monday, September 21, 2020",44122,SurveyMonkey,8532,lv,0,0,53,51.69,51.85089,TRUE,71394,133733
2020,Pennsylvania,44138,Joseph R. Biden Jr.,"Saturday, September 19, 2020",44121,SurveyMonkey,8360,lv,0.0942056,0.0064614,53,51.69,51.87418,TRUE,71312,133572
2020,Pennsylvania,44138,Joseph R. Biden Jr.,"Saturday, September 19, 2020",44120,SurveyMonkey,8250,lv,0,0,53,51.69,51.89918,TRUE,71254,133455
20,Pennsylvania,44138,Joseph R. Biden Jr.,"Friday, September 18, 2020",44119,SurveyMonkey,7804,lv,0.0514985,0.0021273,53,51.68642,51.92569,TRUE,71193,133328
2020,Pennsylvania,44138,Joseph R. Biden Jr.,"Thursday, September 17, 2020",44118,SurveyMonkey,7258,lv,0.0514726,0.0014234,52,50.68518,50.95111,TRUE,71119,133178
2020,Pennsylvania,44138,Joseph R. Biden Jr.,"Wednesday, September 16, 2020",44117,SurveyMonkey,6946,lv,0.0538964,7.444e-4,52,50.68518,50.97828,TRUE,71025,132971
2020,Pennsylvania,44138,Joseph R. Biden Jr.,"Tuesday, September 15, 2020",44116,SurveyMonkey,6613,lv,0.0548532,0,52,50.68518,51.00731,TRUE,70963,132793
2020,Pennsylvania,44138,Joseph R. Biden Jr.,"Monday, June 8, 2020",6/30/2020,SurveyMonkey,2184,lv,0.6113764,0,50.14,48.82467,50.0032,NA,70459,131313
2020,Pennsylvania,44138,Joseph R. Biden Jr.,"Wednesday, July 1, 2020",7/31/2020,SurveyMonkey,4208,lv,0.6495393,0,50.29,48.97462,50.28554,NA,70409,131211
2020,Pennsylvania,44138,Joseph R. Biden Jr.,"Saturday, August 1, 2020",8/31/2020,SurveyMonkey,3531,lv,0.641258,0,52.76,51.44606,52.54606,NA,70359,131109
20,Pennsylvania,44138,Joseph R. Biden Jr.,44075,9/30/2020,SurveyMonkey,4613,lv,0.5576418,0,51.74,50.42497,51.25911,TRUE,70307,131002
2020,North Carolina,44138,Joseph R. Biden Jr.,44120,44133,SurveyMonkey,5356,lv,0.034702,0.0214054,51,49.35719,49.33493,TRUE,72368,135808
2020,North Carolina,44138,Joseph R. Biden Jr.,"Wednesday, September 30, 2020",44131,SurveyMonkey,8354,lv,0.027237,0.007383,51,49.35719,49.32861,TRUE,72111,135238
2020,North Carolina,44138,Joseph R. Biden Jr.,"Sunday, September 27, 2020",44129,SurveyMonkey,7766,lv,0.0952857,0.017224,52,50.35776,50.35212,TRUE,72001,135004
2020,North Carolina,44138,Joseph R. Biden Jr.,"Sunday, September 27, 2020",44128,SurveyMonkey,7620,lv,0,0,52,50.35776,50.36425,TRUE,71916,134830
2020,North Carolina,44138,Joseph R. Biden Jr.,"Friday, September 25, 2020",44127,SurveyMonkey,7530,lv,0.0723681,0.0104121,52,50.35776,50.3774,TRUE,71849,134695
2020,North Carolina,44138,Joseph R. Biden Jr.,"Friday, September 25, 2020",44126,SurveyMonkey,7271,lv,0,0,52,50.35776,50.43579,TRUE,71788,134564
2020,North Carolina,44138,Joseph R. Biden Jr.,"Thursday, September 24, 2020",44125,SurveyMonkey,7119,lv,0.0468773,0.0026509,52,50.35776,50.45454,TRUE,71705,134365
2020,North Carolina,44138,Joseph R. Biden Jr.,"Wednesday, September 23, 2020",44124,SurveyMonkey,6850,lv,0.0461326,0.0019437,52,50.35776,50.47496,TRUE,71592,134140
2020,North Carolina,44138,Joseph R. Biden Jr.,"Monday, September 21, 2020",44123,SurveyMonkey,6483,lv,0.087368,0.0023439,52,50.35776,50.496339999999996,TRUE,71490,133928
2020,North Carolina,44138,Joseph R. Biden Jr.,"Monday, September 21, 2020",44122,SurveyMonkey,6225,lv,0,0,52,50.35776,50.51808,TRUE,71405,133745
2020,North Carolina,44138,Joseph R. Biden Jr.,"Sunday, September 20, 2020",44121,SurveyMonkey,6100,lv,0.0469036,0,52,50.35776,50.54639,TRUE,71323,133583
2020,North Carolina,44138,Joseph R. Biden Jr.,"Saturday, September 19, 2020",44120,SurveyMonkey,5989,lv,0.0483673,0,52,50.35776,50.5706,TRUE,71265,133466
2020,North Carolina,44138,Joseph R. Biden Jr.,"Friday, September 18, 2020",44119,SurveyMonkey,5735,lv,0.0493451,0,52,50.35776,50.59957,TRUE,71204,133339
2020,North Carolina,44138,Joseph R. Biden Jr.,"Wednesday, September 16, 2020",NA,SurveyMonkey,5387,lv,0.0959435,0,52,50.35776,50.63032,TRUE,71130,133189
2020,North Carolina,44138,Joseph R. Biden Jr.,"Tuesday, September 15, 2020",NA,SurveyMonkey,5112,lv,0.0501925,0,52,50.35776,50.66297,TRUE,71036,132982
2020,North Carolina,44138,Joseph R. Biden Jr.,44089,44116,SurveyMonkey,4912,lv,0,0,52,50.35776,50.69674,TRUE,70958,132788
2020,North Carolina,"Tuesday, November 3, 2020",Joseph R. Biden Jr.,43990,"Tuesday, June 30, 2020",SurveyMonkey,1498,lv,0.5789885,0,49.22,47.57825,48.6743,NA,70470,131324
2020,North Carolina,"Tuesday, November 3, 2020",Joseph R. Biden Jr.,44013,"Friday, July 31, 2020",SurveyMonkey,3466,lv,0.6403064,0,48.59,46.94926,48.19425,NA,70419,131222
2020,North Carolina,"Tuesday, November 3, 2020",Joseph R. Biden Jr.,44044,"Monday, August 31, 2020",SurveyMonkey,2914,lv,0.6306757,0,48,46.36051,47.4614,NA,70369,131120
2020,North Carolina,"Tuesday, November 3, 2020",Joseph R. Biden Jr.,44075,"Wednesday, September 30, 2020",SurveyMonkey,3475,lv,0.5397518,0,52.21,50.56799,51.45257,TRUE,70318,131013
2020,North Carolina,44138,Joseph R. Biden Jr.,"Friday, October 23, 2020",44130,SurveyUSA,627,lv,1.253385,1.008209,48,47.55069,47.54078,NA,72061,135097
2020,North Carolina,44138,Joseph R. Biden Jr.,44112,44115,SurveyUSA,669,lv,1.314094,0.2782566,50,49.55013,49.53636,NA,70743,132432
2020,North Carolina,44138,Joseph R. Biden Jr.,44084,44087,SurveyUSA,596,lv,1.198986,0,47,46.55131,47.5979,NA,69444,129337
2020,North Carolina,44138,Joseph R. Biden Jr.,44111,44115,Susquehanna Polling & Research Inc.,500,lv,0.6815998,0.1176212,48,48.36422,48.36791,NA,70990,132847
2020,PA,1/20/1900,Joseph R. Biden Jr.,44127,10/26/2020,Swayable,491,l,0.2296114,0.1783648,51.9,51.66276,51.64037,NA,72307,135647
2020,Pennsylvania,44138,Joseph R. Biden Jr.,"Thursday, September 3, 2020",9/6/2020,TargetSmart/William & Mary,835,lv,0.8708358,0,51,50.74911,51.80082,NA,69392,129237
2020,Pennsylvania,11/3/2020,Joseph R. Biden Jr.,NA,10/25/2020,Trafalgar Group,1076,lv,0.3942119,0.3050823,47.6,50.04585,50.01465,NA,72337,135721
2020,Pennsylvania,44138,Joseph R. Biden Jr.,"Tuesday, October 13, 2020",44119,Trafalgar Group,1041,lv,0.3471905,0.1063408,47.5,49.95,49.88797,NA,71366,133641
2020,Pennsylvania,44138,Joseph R. Biden Jr.,"Saturday, October 10, 2020",44116,Trafalgar Group,1034,lv,0.3652195,0.0974395,47.4,49.84554,49.80641,NA,70773,132394
2020,Pennsylvania,44138,Joseph R. Biden Jr.,44092,9/21/2020,Trafalgar Group,1006,lv,0.4208126,0,48.1,50.54643,51.3217,NA,69966,130296
2020,Pennsylvania,44138,Joseph R. Biden Jr.,"Tuesday, September 15, 2020",9/17/2020,Trafalgar Group,1006,lv,0.4208126,0,47.3,49.74536,50.63671,NA,69568,129614
2020,Pennsylvania,44138,Joseph R. Biden Jr.,44011,44014,Trafalgar Group,1062,lv,0.6611881,0,48,50.44634,51.64483,NA,66997,125183
2020,North Carolina,44138,Joseph R. Biden Jr.,"Tuesday, October 20, 2020",44126,Trafalgar Group,1098,lv,0.5136473,0.2365379,46,48.00235,47.93728,NA,71891,134752
2020,North Carolina,44138,Joseph R. Biden Jr.,44083,44085,Trafalgar Group,1046,lv,0.6584518,0,46.1,48.10265,49.15794,NA,69442,129335
2020,North Carolina,"Tuesday, November 3, 2020",Joseph R. Biden Jr.,44092,"Friday, September 25, 2020",University of Massachusetts Lowell,921,lv,1.369749,0,47.5,47.82693,48.58702,NA,70044,130466
2020,Pennsylvania,11/3/2020,Joseph R. Biden Jr.,10/17/2020,44129,Univision/Latino Decisions/North Star Opinion Research,723,rv,0.79,0.4646651,50,50.76165,50.70881,NA,72150,135277
2020,Pennsylvania,44138,Joseph R. Biden Jr.,"Monday, October 5, 2020",44113,Whitman Insight Strategies,517,lv,0.6249694,0.1249939,51,50.87439,50.91649,NA,70736,132328
2020,Pennsylvania,44138,Joseph R. Biden Jr.,10/13/2020,44125,YouGov,669,lv,0.49,0.1858421,52,51.93066,51.88079,NA,71947,134866
2020,Pennsylvania,44138,Joseph R. Biden Jr.,"Wednesday, September 30, 2020",44106,YouGov,1187,lv,1.099269,0.0666887,51,50.93061,51.13213,NA,70548,131595
2020,Pennsylvania,44138,Joseph R. Biden Jr.,"Thursday, September 10, 2020",9/21/2020,YouGov,642,lv,0.9724195,0,49,48.93061,49.83854,NA,69715,130005
2020,Pennsylvania,44138,Joseph R. Biden Jr.,44039,44049,YouGov,742,rv,0.6734251,0,50,50.81877,51.94977,NA,67969,127273
2020,Pennsylvania,44138,Joseph R. Biden Jr.,44047,44050,YouGov,1211,lv,1.190209,0,49,48.93061,50.00671,NA,67962,127266
2020,North Carolina,44138,Joseph R. Biden Jr.,"Tuesday, October 20, 2020",44127,YouGov,1022,lv,1.082115,0.6437211,51,50.99104,50.94944,NA,71889,134747
2020,North Carolina,"Tuesday, November 3, 2020",Joseph R. Biden Jr.,44096,"Friday, September 25, 2020",YouGov,1213,lv,1.411611,0,48,47.99105,48.6738,NA,69992,130352
2020,North Carolina,44138,Joseph R. Biden Jr.,44040,44043,YouGov,1129,lv,1.4,0,48,47.99105,49.14478,NA,67859,127044
2020,Pennsylvania,44138,Joseph R. Biden Jr.,44033,44035,Zogby Interactive/JZ Analytics,809,lv,0.9108042,0,44,45.61366,46.83666,NA,67916,127142
2020,North Carolina,44138,Joseph R. Biden Jr.,44033,44035,Zogby Interactive/JZ Analytics,809,lv,0.9,0,44,45.16585,46.36098,NA,67917,127143
2020,Pennsylvania,44138,NA,NA,NA,NA,856.5,NA,0.6001908,0,49,49.51072,50.021384999999995,NA,70607,132012
2020,Pennsylvania,44138,NA,NA,NA,NA,856.5,NA,0.6001908,0,49,49.51072,50.021384999999995,NA,70607,132012
2020,North Carolina,44138,Joseph R. Biden Jr.,44132,44133,NA,800,lv,0.8310384,0.7756604,47,47.57376,47.56439,NA,72326,135691
2020,North Carolina,44138,Joseph R. Biden Jr.,44131,44132,NA,750,lv,0.868606,0.7836514,45.9,46.51174,46.49648,NA,72321,135682
2020,North Carolina,44138,Joseph R. Biden Jr.,44127,44130,NA,396,lv,0.2462258,0.1975596,50.2,49.43082,49.4129,NA,72303,135643
2020,North Carolina,44138,Joseph R. Biden Jr.,44105,44132,NA,8720,lv,0.4078603,0.118292,52,50.35776,50.32813,TRUE,72265,135605
2020,North Carolina,44138,Joseph R. Biden Jr.,44130,44133,NA,903,lv,0.9176647,0.827912,49,49.4188,49.41081,NA,72236,135522
2020,North Carolina,44138,Joseph R. Biden Jr.,44127,44131,NA,1034,lv,2.090692,1.68154,48,48.64655,48.62294,NA,72215,135476
2020,North Carolina,44138,Joseph R. Biden Jr.,44124,44130,NA,911,lv,1.36006,0.8723148,48,48.32711,48.28825,NA,72207,135447
2020,Wyoming,44138,Joseph R. Biden Jr.,10/20/2020,44136,SurveyMonkey,330,lv,0.165557,0.165557,33,31.85685,31.8563,T,72663,136416
2020,Wyoming,44138,Joseph R. Biden Jr.,10/18/2020,"$44,135.00",SurveyMonkey,361,lv,0.0257641,0.0256049,34,32.84583,32.83956,T,72525,136147
2020,Wyoming,"Tuesday, November 3, 2020",Joseph R. Biden Jr.,10/17/2020,"$44,134.00",Survey Monkey,378,lv,0.0134396,0.0132735,33,31.85685,31.85175,T,72424,135950
2020,WY,"Tuesday, November 3, 2020",Joseph R. Biden Jr.,10/16/2020,"$44,133.00",Survey Monkey,1,LV,400,0.013703,33,31.85685,31.85221,T,72345,135785
2020,Wyoming,"Tuesday, November 3, 2020",Joseph R. Biden Jr.,10/8/2020,"$44,132.00",University of Wyoming,614,lv,0.6001908,0,49,49.51072,50.021384999999995,NA,72334,135714
2020,Wyoming,"Tuesday, November 3, 2020",Joseph R. Biden Jr.,10/1/2020,44132,SurveyMonkey,739,lv,0.1867351,0.1717317,31,29.88091,29.88982,T,72242,135582
2020,Wyoming,"Tuesday, November 3, 2020",Biden,9/30/2020,44131,SurveyMonkey,713,lv,0.0119884,0.0109511,32,30.86854,30.87991,T,72088,135215
2020,Wyoming,"Tuesday, November 3, 2020",Joseph R. Biden Jr.,44102,44129,SurveyMonkey,654,lv,0.021818,0.0192559,31,29.88091,29.91348,T,71978,134981
2020,NA,NA,NA,NA,NA,NA,856.5,NA,0.6001908,0,49,49.51072,50.021384999999995,NA,70607,132012
2020,NA,NA,NA,NA,NA,NA,856.5,NA,0.6001908,0,49,49.51072,50.021384999999995,NA,70607,132012
2020,NA,NA,NA,NA,NA,NA,856.5,NA,0.6001908,0,49,49.51072,50.021384999999995,NA,70607,132012
2020,NA,NA,NA,NA,NA,NA,856.5,NA,0.6001908,0,49,49.51072,50.021384999999995,NA,70607,132012
2020,Wisconsin,"Tuesday, November 3, 2020",Joseph R. Biden Jr.,44070,44079,Morning Consult,763,lv,0.0688391,0,50,49.89547,51.03762,T,68496,128232
2020,Wisconsin,"Tuesday, November 3, 2020",Joseph R. Biden Jr.,44076,44078,YouGov,978,lv,1.16881,0,50,50.24722,51.38994,NA,68495,128231
2020,Wisconsin,"Tuesday, November 3, 2020",Joseph R. Biden Jr.,44069,44078,Morning Consult,775,lv,0.0720719,0,51,50.89549,52.0688,T,68490,128220
2020,Wisconsin,44138,Joseph R. Biden Jr.,44068,44077,Morning Consult,797,lv,0.0763917,0,52,51.89557,53.08863,T,68488,128216
2020,Wisconsin,44138,Joseph R. Biden Jr.,44060,44063,Hodas & Associates,600,lv,0.7015365,0,51.91,51.30148,52.5119,NA,68485,128206
2020,Wisconsin,44138,Joseph R. Biden Jr.,44067,44076,Morning Consult,1,lv,0.0799419,0,52,51.89557,53.1062,T,68471,128182
2020,Wisconsin,44138,Joseph R. Biden Jr.,44066,44075,Morning Consult,809,lv,0.0812179,0,52,51.89557,53.11373,T,68457,128143
2020,Wisconsin,44138,Joseph R. Biden Jr.,44065,8/31/2020,Morning Consult,819,lv,0.0840924,0,53,52.8957,54.11799,TR,68456,128142
20,Wisconsin,44138,Joseph R. Biden Jr.,44063,8/29/2020,Morning Consult,797,lv,0.0865649,0,51,50.89549,52.12911,T,68455,128141
20,Wisconsin,44138,Joseph R. Biden Jr.,44062,8/28/2020,Morning Consult,797,lv,0.0889819,0,51,50.89549,52.13099,T,68454,128140
2020,Wisconsin,11/3/2020,Joseph R. Biden Jr.,44061,8/27/2020,Morning Consult,856.5,NA,0.6001908,0,49,49.51072,50.021384999999995,NA,70607,132012
2020,Wisconsin,11/3/2020,Joseph R. Biden Jr.,44060,8/26/2020,Morning Consult,797,lv,0.0870957,0,52,51.89557,53.11942,T,68452,128138
2020,Wisconsin,11/3/2020,Joseph R. Biden Jr.,44059,8/25/2020,Morning Consult,797,lv,0.0836143,0,49,50.89549,52.11339,T,68451,128137
2020,Wisconsin,11/3/2020,Joseph R. Biden Jr.,44058,8/24/2020,Morning Consult,797,lv,0.0807407,0,50,49.89547,51.10677,T,68450,128136
2020,Wisconsin,11/3/2020,Joseph R. Biden Jr.,44057,8/23/2020,Morning Consult,797,lv,0.0794119,0,51,50.89549,52.09915,T,68449,128135
2020,Wisconsin,11/3/2020,Joseph R. Biden Jr.,44056,8/22/2020,Morning Consult,797,lv,0.0786242,0,50,49.89547,51.08849,T,68448,128134
2020,Wisconsin,11/3/2020,Joseph R. Biden Jr.,44055,8/21/2020,Morning Consult,797,lv,0.0778953,0,50,49.89547,51.07835,T,68447,128133
2020,Wisconsin,11/3/2020,Joseph R. Biden Jr.,44054,8/20/2020,Morning Consult,797,lv,0.0674295,0,51,50.89549,52.02598,T,68446,128132
2020,Wisconsin,11/3/2020,Joseph R. Biden Jr.,8/10/2020,8/19/2020,Morning Consult,797,lv,0.0624365,99,51,50.89549,51.99853,T,68445,128131
2020,Wisconsin,44138,Joseph R. Biden Jr.,8/9/2020,8/18/2020,Morning Consult,797,lv,0.0581756,0,50,49.89547,50.98494,T,68444,128130
2020,Wisconsin,44138,Joseph R. Biden Jr.,8/8/2020,8/17/2020,Morning Consult,797,lv,0.0541751,0,48,47.89558,48.99105,T,68443,128129
2020,Wisconsin,44138,Joseph R. Biden Jr.,8/6/2020,8/15/2020,Morning Consult,797,lv,0.1051971,0,50,49.89547,51.00303,T,68442,128128
2020,Wisconsin,44138,Joseph R. Biden Jr.,8/5/2020,8/14/2020,Morning Consult,797,lv,0.0532087,0,50,49.89547,51.00856,T,68441,128127
2020,Wisconsin,44138,Joseph R. Biden Jr.,8/4/2020,44056,NA,99,lv,0.053966,0,50,49.89547,51.01786,T,68440,128126
2020,Wisconsin,44138,Joseph R. Biden Jr.,8/3/2020,44055,Morning Consult,797,lv,0.054839,0,50,49.89547,51.03081,T,68439,128125
2020,Wisconsin,44138,Joseph R. Biden Jr.,8/2/2020,44054,Morning Consult,797,lv,0.0572927,0,50,49.89547,51.06627,T,68438,128124
2020,Wisconsin,44138,Joseph R. Biden Jr.,8/1/2020,44053,Morning Consult,797,lv,0.0580641,0,50,49.89547,51.07791,T,68437,128123
2020,Wisconsin,44138,Joseph R. Biden Jr.,7/31/2020,44052,Morning Consult,797,lv,0.0588776,0,50,49.89547,51.08915,T,68436,128122
2020,Wisconsin,44138,Joseph R. Biden Jr.,7/30/2020,44051,Morning Consult,797,lv,0.0598521,0,51,50.89549,52.09869,T,68435,128121
2020,Wisconsin,44138,Biden,7/29/2020,44050,Morning Consult,797,lv,0.0608936,0,51,50.89549,52.10946,T,68434,128120
2020,Wisconsin,44138,Joseph R. Biden Jr.,7/28/2020,44049,Morning Consult,797,lv,0.0609195,0,51,50.89549,52.12191,T,68433,128119
2020,Wisconsin,44138,Joseph R. Biden Jr.,7/27/2020,44048,Morning Consult,797,lv,0.0608776,0,51,50.89549,52.13704,T,68432,128118
2020,Wisconsin,44138,Joseph R. Biden Jr.,7/26/2020,44047,Morning Consult,797,NA,0.0608964,0,51,50.89549,52.14967,T,68431,128117
2020,Wisconsin,44138,Joseph R. Biden Jr.,7/25/2020,44046,Morning Consult,797,lv,0.0609235,0,51,50.89549,52.16029,T,68430,128116
2020,WI,44138,Joseph R. Biden Jr.,44036,44045,Morning Consult,797,lv,0.0610143,0,52,51.89557,53.17028,T,68429,128115
2020,Wisconsin,44138,Joseph R. Biden Jr.,44035,44044,Morning Consult,797,lv,0.0612279,0,51,50.89549,52.18348,T,68428,128114
2020,Wisconsin,44138,Joseph R. Biden Jr.,44034,44043,Morning Consult,797,lv,0.0616187,0,50,49.89547,51.19632,T,68427,128113
2020,National,11/3/2020,Joseph R. Biden Jr.,10/10/2020,10/12/2020,SurveyMonkey,10971,lv,0.0222101,0.0045781,51.78,50.7513,50.70082,T,70923,132702
2020,National,11/3/2020,Joseph R. Biden Jr.,10/9/2020,10/11/2020,SurveyMonkey,19886,lv,0.0414933,0.007943,51.49,50.46113,50.42536,T,70922,132701
2020,National,11/3/2020,Joseph R. Biden Jr.,10/8/2020,10/10/2020,SurveyMonkey,25748,lv,0.0553771,0.0098171,52.36,51.33177,51.31301,T,70921,132700
2020,National,11/3/2020,Joseph R. Biden Jr.,10/7/2020,10/9/2020,SurveyMonkey,34460,lv,0.0786327,0.0117644,52.74,51.71218,51.73128,T,70920,132699
2020,National,11/3/2020,Joseph R. Biden Jr.,10/6/2020,10/8/2020,SurveyMonkey,33925,lv,0.0801546,0.0107681,53.35,52.32298,52.36193,T,70919,132698
2020,National,11/3/2020,Joseph R. Biden Jr.,10/5/2020,10/7/2020,SurveyMonkey,30687,lv,0.0792478,0.0070191,53.28,52.25288,52.35821,T,70918,132697
2020,National,11/3/2020,Joseph R. Biden Jr.,10/4/2020,10/6/2020,SurveyMonkey,20168,lv,0.0532837,0.0039204,53.26,52.23285,52.36133,T,70917,132696
2020,National,11/3/2020,Joseph R. Biden Jr.,10/3/2020,10/5/2020,SurveyMonkey,12691,lv,0.0345475,0.0020182,52.72,51.69215,51.84409,T,70916,132695
2020,National,11/3/2020,Joseph R. Biden Jr.,10/2/2020,10/4/2020,SurveyMonkey,12510,lv,0.035309,0.0015304,52.33,51.30174,51.47744,T,70915,132694
2020,National,11/3/2020,Joseph R. Biden Jr.,10/1/2020,10/3/2020,SurveyMonkey,17645,lv,0.0515271,0.0014719,52.04,51.01149,51.21507,T,70914,132693
2020,National,11/3/2020,Joseph R. Biden Jr.,9/30/2020,10/2/2020,SurveyMonkey,21170,lv,0.0639868,9.017e-4,51.96,50.93142,51.1632,T,70913,132692
2020,National,11/3/2020,Joseph R. Biden Jr.,9/29/2020,10/1/2020,SurveyMonkey,24022,lv,0.0768573,0,52.02,50.99147,51.35799,T,70912,132691
2020,National,11/3/2020,Joseph R. Biden Jr.,9/28/2020,9/30/2020,SurveyMonkey,24292,lv,0.0772955,0,51.78,50.7513,51.1552,T,70911,132690
2020,National,11/3/2020,Joseph R. Biden Jr.,9/27/2020,9/29/2020,SurveyMonkey,20951,lv,0.0633046,0,51.85,50.82134,51.39215,T,70910,132689
2020,National,11/3/2020,Joseph R. Biden Jr.,9/26/2020,9/28/2020,SurveyMonkey,15482,lv,0.0457482,0,51.89,50.86137,51.47955,T,70909,132688
2020,National,11/3/2020,Joseph R. Biden Jr.,9/25/2020,9/27/2020,SurveyMonkey,15443,lv,0.0446186,0,51.74,50.71127,51.3777,T,70908,132687
2020,National,11/3/2020,Joseph R. Biden Jr.,9/24/2020,9/26/2020,SurveyMonkey,21047,lv,0.0595361,0,51.71,50.68125,51.3933,T,70907,132686
2020,National,11/3/2020,Joseph R. Biden Jr.,9/23/2020,9/25/2020,SurveyMonkey,23974,lv,0.0667864,0,52.1,51.07154,51.82502,T,70906,132685
2020,National,11/3/2020,Joseph R. Biden Jr.,9/22/2020,9/24/2020,SurveyMonkey,22170,lv,0.0612739,0,52.37,51.34178,52.13557,T,70905,132684
2020,National,11/3/2020,Joseph R. Biden Jr.,NA,NA,Survey Monkey,19097,lv,0.6001908,0,52.45,51.42186,52.2566,X,70904,132683
2020,National,11/3/2020,Joseph R. Biden Jr.,9/20/2020,9/22/2020,SurveyMonkey,13675,lv,0.0379662,0,52.68,51.65211,52.52618,T,70903,132682
2020,National,11/3/2020,Biden,9/19/2020,9/21/2020,SurveyMonkey,9248,lv,0.0256242,0,51.45,50.42111,51.33355,T,70902,132681
2020,National,11/3/2020,Joseph R. Biden Jr.,9/18/2020,9/20/2020,SurveyMonkey,8738,lv,0.0241282,0,51.59,50.56118,51.50772,T,70901,132680
2020,National,11/3/2020,Joseph R. Biden Jr.,9/17/2020,9/19/2020,SurveyMonkey,12696,lv,0.034951,99,51.32,50.29105,51.27063,T,70900,132679
2020,National,11/3/2020,Joseph R. Biden Jr.,9/16/2020,9/18/2020,SurveyMonkey,16194,lv,0.0446412,0,52.46,51.43187,52.44317,T,70899,132678
2020,National,11/3/2020,Joseph R. Biden Jr.,9/15/2020,9/17/2020,SurveyMonkey,18003,lv,0.0497573,0,53.08,52.0526,53.09402,T,70898,132677
2020,NATl,11/3/2020,Joseph R. Biden Jr.,9/14/2020,9/16/2020,SurveyMonkey,18332,lv,0.0509818,0,53.26,52.23285,53.30558,T,70897,132676
2020,NA,NA,NA,NA,NA,NA,856.5,NA,0.6001908,0,49,49.51072,50.021384999999995,NA,70607,132012
2020,NA,NA,NA,NA,NA,NA,856.5,NA,0.6001908,0,49,49.51072,50.021384999999995,NA,70607,132012
2020,NA,NA,NA,NA,NA,NA,856.5,NA,0.6001908,0,49,49.51072,50.021384999999995,NA,70607,132012
2020,NA,NA,NA,NA,NA,NA,856.5,NA,0.6001908,0,49,49.51072,50.021384999999995,NA,70607,132012
2020,NA,NA,NA,NA,NA,NA,856.5,NA,0.6001908,0,49,49.51072,50.021384999999995,NA,70607,132012
2020,NA,NA,NA,NA,NA,NA,856.5,NA,0.6001908,0,49,49.51072,50.021384999999995,NA,70607,132012
2020,NA,NA,NA,NA,NA,NA,856.5,NA,0.6001908,0,49,49.51072,50.021384999999995,NA,70607,132012
2020,NA,NA,NA,NA,NA,NA,856.5,NA,0.6001908,0,49,49.51072,50.021384999999995,NA,70607,132012
2020,NA,NA,NA,NA,NA,NA,856.5,NA,0.6001908,0,49,49.51072,50.021384999999995,NA,70607,132012
2020,NA,NA,NA,NA,NA,NA,856.5,NA,0.6001908,0,49,49.51072,50.021384999999995,NA,70607,132012
2020,NA,NA,NA,NA,NA,NA,856.5,NA,0.6001908,0,49,49.51072,50.021384999999995,NA,70607,132012
2020,NA,NA,NA,NA,NA,NA,856.5,NA,0.6001908,0,49,49.51072,50.021384999999995,NA,70607,132012
2020,NA,NA,NA,NA,NA,NA,856.5,NA,0.6001908,0,49,49.51072,50.021384999999995,NA,70607,132012
2020,NA,NA,NA,NA,NA,NA,856.5,NA,0.6001908,0,49,49.51072,50.021384999999995,NA,70607,132012
2020,NA,NA,NA,NA,NA,NA,856.5,NA,0.6001908,0,49,49.51072,50.021384999999995,NA,70607,132012
2020,NA,NA,NA,NA,NA,NA,856.5,NA,0.6001908,0,49,49.51072,50.021384999999995,NA,70607,132012
2020,NA,NA,NA,NA,NA,NA,856.5,NA,0.6001908,0,49,49.51072,50.021384999999995,NA,70607,132012
2020,NA,NA,NA,NA,NA,NA,856.5,NA,0.6001908,0,49,49.51072,50.021384999999995,NA,70607,132012
2020,NA,NA,NA,NA,NA,NA,856.5,NA,0.6001908,0,49,49.51072,50.021384999999995,NA,70607,132012
2020,NA,NA,NA,NA,NA,NA,856.5,NA,0.6001908,0,49,49.51072,50.021384999999995,NA,70607,132012
2020,NA,NA,NA,NA,NA,NA,856.5,NA,0.6001908,0,49,49.51072,50.021384999999995,NA,70607,132012
2020,NA,NA,NA,NA,NA,NA,856.5,NA,0.6001908,0,49,49.51072,50.021384999999995,NA,70607,132012
2020,NA,NA,NA,NA,NA,NA,856.5,NA,0.6001908,0,49,49.51072,50.021384999999995,NA,70607,132012
2020,NA,NA,NA,NA,NA,NA,856.5,NA,0.6001908,0,49,49.51072,50.021384999999995,NA,70607,132012
2020,NA,NA,NA,NA,NA,NA,856.5,NA,0.6001908,0,49,49.51072,50.021384999999995,NA,70607,132012
2020,NA,NA,NA,NA,NA,NA,856.5,NA,0.6001908,0,49,49.51072,50.021384999999995,NA,70607,132012
2020,NA,NA,NA,NA,NA,NA,856.5,NA,0.6001908,0,49,49.51072,50.021384999999995,NA,70607,132012
2020,NA,NA,NA,NA,NA,NA,856.5,NA,0.6001908,0,49,49.51072,50.021384999999995,NA,70607,132012
2020,NA,NA,NA,NA,NA,NA,856.5,NA,0.6001908,0,49,49.51072,50.021384999999995,NA,70607,132012
2020,NA,NA,NA,NA,NA,NA,856.5,NA,0.6001908,0,49,49.51072,50.021384999999995,NA,70607,132012
2020,NA,NA,NA,NA,NA,NA,856.5,NA,0.6001908,0,49,49.51072,50.021384999999995,NA,70607,132012
2020,NA,NA,NA,NA,NA,NA,856.5,NA,0.6001908,0,49,49.51072,50.021384999999995,NA,70607,132012
2020,NA,NA,NA,NA,NA,NA,856.5,NA,0.6001908,0,49,49.51072,50.021384999999995,NA,70607,132012
2020,NA,NA,NA,NA,NA,NA,856.5,NA,0.6001908,0,49,49.51072,50.021384999999995,NA,70607,132012
2020,NA,NA,NA,NA,NA,NA,856.5,NA,0.6001908,0,49,49.51072,50.021384999999995,NA,70607,132012
2020,NA,NA,NA,NA,NA,NA,856.5,NA,0.6001908,0,49,49.51072,50.021384999999995,NA,70607,132012
2020,NA,NA,NA,NA,NA,NA,856.5,NA,0.6001908,0,49,49.51072,50.021384999999995,NA,70607,132012
2020,NA,NA,NA,NA,NA,NA,856.5,NA,0.6001908,0,49,49.51072,50.021384999999995,NA,70607,132012
2020,NA,NA,NA,NA,NA,NA,856.5,NA,0.6001908,0,49,49.51072,50.021384999999995,NA,70607,132012
2020,NA,NA,NA,NA,NA,NA,856.5,NA,0.6001908,0,49,49.51072,50.021384999999995,NA,70607,132012
2020,NA,NA,NA,NA,NA,NA,856.5,NA,0.6001908,0,49,49.51072,50.021384999999995,NA,70607,132012
2020,NA,NA,NA,NA,NA,NA,856.5,NA,0.6001908,0,49,49.51072,50.021384999999995,NA,70607,132012
2020,NA,NA,NA,NA,NA,NA,856.5,NA,0.6001908,0,49,49.51072,50.021384999999995,NA,70607,132012
2020,NA,NA,NA,NA,NA,NA,856.5,NA,0.6001908,0,49,49.51072,50.021384999999995,NA,70607,132012
2020,NA,NA,NA,NA,NA,NA,856.5,NA,0.6001908,0,49,49.51072,50.021384999999995,NA,70607,132012
2020,NA,NA,NA,NA,NA,NA,856.5,NA,0.6001908,0,49,49.51072,50.021384999999995,NA,70607,132012
2020,NA,NA,NA,NA,NA,NA,856.5,NA,0.6001908,0,49,49.51072,50.021384999999995,NA,70607,132012
2020,NA,NA,NA,NA,NA,NA,856.5,NA,0.6001908,0,49,49.51072,50.021384999999995,NA,70607,132012
2020,NA,NA,NA,NA,NA,NA,856.5,NA,0.6001908,0,49,49.51072,50.021384999999995,NA,70607,132012
2020,NA,NA,NA,NA,NA,NA,856.5,NA,0.6001908,0,49,49.51072,50.021384999999995,NA,70607,132012
2020,NA,NA,NA,NA,NA,NA,856.5,NA,0.6001908,0,49,49.51072,50.021384999999995,NA,70607,132012
2020,NA,NA,NA,NA,NA,NA,856.5,NA,0.6001908,0,49,49.51072,50.021384999999995,NA,70607,132012
2020,NA,NA,NA,NA,NA,NA,856.5,NA,0.6001908,0,49,49.51072,50.021384999999995,NA,70607,132012
2020,NA,NA,NA,NA,NA,NA,856.5,NA,0.6001908,0,49,49.51072,50.021384999999995,NA,70607,132012
2020,NA,NA,NA,NA,NA,NA,856.5,NA,0.6001908,0,49,49.51072,50.021384999999995,NA,70607,132012
2020,NA,NA,NA,NA,NA,NA,856.5,NA,0.6001908,0,49,49.51072,50.021384999999995,NA,70607,132012
2020,NA,NA,NA,NA,NA,NA,856.5,NA,0.6001908,0,49,49.51072,50.021384999999995,NA,70607,132012
2020,NA,NA,NA,NA,NA,NA,856.5,NA,0.6001908,0,49,49.51072,50.021384999999995,NA,70607,132012
2020,NA,NA,NA,NA,NA,NA,856.5,NA,0.6001908,0,49,49.51072,50.021384999999995,NA,70607,132012
2020,NA,NA,NA,NA,NA,NA,856.5,NA,0.6001908,0,49,49.51072,50.021384999999995,NA,70607,132012
2020,NA,NA,NA,NA,NA,NA,856.5,NA,0.6001908,0,49,49.51072,50.021384999999995,NA,70607,132012
2020,NA,NA,NA,NA,NA,NA,856.5,NA,0.6001908,0,49,49.51072,50.021384999999995,NA,70607,132012
2020,NA,NA,NA,NA,NA,NA,856.5,NA,0.6001908,0,49,49.51072,50.021384999999995,NA,70607,132012
2020,NA,NA,NA,NA,NA,NA,856.5,NA,0.6001908,0,49,49.51072,50.021384999999995,NA,70607,132012
2020,NA,NA,NA,NA,NA,NA,856.5,NA,0.6001908,0,49,49.51072,50.021384999999995,NA,70607,132012
2020,NA,NA,NA,NA,NA,NA,856.5,NA,0.6001908,0,49,49.51072,50.021384999999995,NA,70607,132012
2020,NA,NA,NA,NA,NA,NA,856.5,NA,0.6001908,0,49,49.51072,50.021384999999995,NA,70607,132012
2020,NA,NA,NA,NA,NA,NA,856.5,NA,0.6001908,0,49,49.51072,50.021384999999995,NA,70607,132012
2020,NA,NA,NA,NA,NA,NA,856.5,NA,0.6001908,0,49,49.51072,50.021384999999995,NA,70607,132012
2020,NA,NA,NA,NA,NA,NA,856.5,NA,0.6001908,0,49,49.51072,50.021384999999995,NA,70607,132012
2020,NA,NA,NA,NA,NA,NA,856.5,NA,0.6001908,0,49,49.51072,50.021384999999995,NA,70607,132012
2020,NA,NA,NA,NA,NA,NA,856.5,NA,0.6001908,0,49,49.51072,50.021384999999995,NA,70607,132012
2020,NA,NA,NA,NA,NA,NA,856.5,NA,0.6001908,0,49,49.51072,50.021384999999995,NA,70607,132012
2020,NA,NA,NA,NA,NA,NA,856.5,NA,0.6001908,0,49,49.51072,50.021384999999995,NA,70607,132012
2020,NA,NA,NA,NA,NA,NA,856.5,NA,0.6001908,0,49,49.51072,50.021384999999995,NA,70607,132012
2020,NA,NA,NA,NA,NA,NA,856.5,NA,0.6001908,0,49,49.51072,50.021384999999995,NA,70607,132012
2020,NA,NA,NA,NA,NA,NA,856.5,NA,0.6001908,0,49,49.51072,50.021384999999995,NA,70607,132012
2020,NA,NA,NA,NA,NA,NA,856.5,NA,0.6001908,0,49,49.51072,50.021384999999995,NA,70607,132012
2020,NA,NA,NA,NA,NA,NA,856.5,NA,0.6001908,0,49,49.51072,50.021384999999995,NA,70607,132012
2020,NA,NA,NA,NA,NA,NA,856.5,NA,0.6001908,0,49,49.51072,50.021384999999995,NA,70607,132012
2020,NA,NA,NA,NA,NA,NA,856.5,NA,0.6001908,0,49,49.51072,50.021384999999995,NA,70607,132012
2020,NA,NA,NA,NA,NA,NA,856.5,NA,0.6001908,0,49,49.51072,50.021384999999995,NA,70607,132012
2020,NA,NA,NA,NA,NA,NA,856.5,NA,0.6001908,0,49,49.51072,50.021384999999995,NA,70607,132012
2020,NA,NA,NA,NA,NA,NA,856.5,NA,0.6001908,0,49,49.51072,50.021384999999995,NA,70607,132012
2020,Wisconsin,44138,Joseph R. Biden Jr.,44008,44010,Change Research,502,lv,0.5248306,0,51,51.30438,52.63076,NA,66961,125034
2020,Wisconsin,44138,Joseph R. Biden Jr.,44005,44007,Trafalgar Group,1021,lv,0.6540527,0,44.6,47.58689,48.91557,NA,66932,124981
2020,Wisconsin,44138,Joseph R. Biden Jr.,43996,44001,Redfield & Wilton Strategies,846,lv,0.7862581,0,45,45.89742,47.23138,NA,66909,124936
2020,Wisconsin,44138,Joseph R. Biden Jr.,43994,43998,Hodas & Associates,600,lv,0.7015365,0,55.33,54.725,56.09633,NA,66901,124920
2020,Wisconsin,44138,Joseph R. Biden Jr.,43990,43997,Siena College/The New York Times Upshot,655,rv,1.218247,0,49,50.18238,51.61221,NA,66897,124899
2020,Wisconsin,44138,Joseph R. Biden Jr.,43838,43842,Marquette University Law School,701,lv,1.45004,0,48,48.01514,50.75769,NA,63282,124824
2020,Wisconsin,44138,Joseph R. Biden Jr.,43802,43807,Marquette University Law School,652,lv,1.284856,0,49,49.01516,52.14749,NA,63090,124823
2020,Wisconsin,44138,Joseph R. Biden Jr.,43782,43786,Marquette University Law School,685,lv,1.375621,0,45,45.01506,47.43135,NA,62674,124822
2020,Wisconsin,44138,Joseph R. Biden Jr.,43994,43996,Change Research,231,lv,0.3064567,0,48,48.30422,49.69922,NA,66831,124715
2020,Wisconsin,44138,Joseph R. Biden Jr.,43981,43984,Fox News/Beacon Research/Shaw & Co. Research,801,rv,1.294408,0,49,50.06056,51.8259,NA,66726,124471
2020,Wisconsin,44138,Joseph R. Biden Jr.,43980,43982,Change Research,382,lv,0.4973621,0,45,45.30266,47.1792,NA,66715,124439
2020,Wisconsin,44138,Joseph R. Biden Jr.,43961,43965,Redfield & Wilton Strategies,875,lv,0.7969701,0,48,48.90163,51.48478,NA,66507,123931
2020,Wisconsin,44138,Joseph R. Biden Jr.,43957,43959,Hodas & Associates,600,lv,0.7015365,0,51.5,50.8913,53.54177,NA,66402,123703
2020,Wisconsin,44138,Joseph R. Biden Jr.,43934,43936,Hodas & Associates,600,lv,0.7015365,0,50,49.39109,51.93487,NA,65908,122094
2020,Wisconsin,44138,Joseph R. Biden Jr.,43941,43942,Public Policy Polling,1415,v,1.130882,0,50,48.75104,51.24468,NA,65903,122086
2020,Wisconsin,44138,Joseph R. Biden Jr.,43936,43941,Ipsos,645,rv,0.8281578,0,43,44.38225,46.88367,NA,65865,121903
2020,Wisconsin,44138,Joseph R. Biden Jr.,43927,43929,Garin-Hart-Yang Research Group,301,lv,0.4699908,0,48,46.60241,49.49724,NA,65735,121499
2020,Wisconsin,44138,Joseph R. Biden Jr.,43914,43919,Marquette University Law School,813,rv,1.467748,0,48,48.90282,51.76805,NA,65050,120701
2020,Wisconsin,44138,Joseph R. Biden Jr.,43907,43909,Hodas & Associates,600,lv,0.7015365,0,46.5,45.89333,48.60472,NA,65003,120541
2020,Wisconsin,44138,Joseph R. Biden Jr.,43907,43915,Baldwin Wallace University,822,rv,0.6705672,0,44.9,46.21757,48.99532,NA,64988,120502
2020,Wisconsin,44138,Joseph R. Biden Jr.,43900,43901,Public Policy Polling,1727,v,1.749676,0,48,47.4684,50.16145,NA,64807,119955
2020,Wisconsin,44138,Joseph R. Biden Jr.,43896,43898,YouGov,459,rv,0.6826778,0,44,45.12686,47.78362,NA,64768,119818
2020,Wisconsin,44138,Joseph R. Biden Jr.,43895,43897,Optimus,502,lv,0.6686068,0,43.07,44.42627,47.03608,NA,64757,119789
2020,Wisconsin,44138,Joseph R. Biden Jr.,43867,43879,Expedition Strategies,500,rv,0.6358964,0,42,43.48149,46.23914,NA,64743,119732
2020,Wisconsin,44138,Joseph R. Biden Jr.,43880,43884,Marquette University Law School,1000,rv,1.76694,0,46,46.90047,49.70446,NA,64588,119094
2020,Wisconsin,44138,Joseph R. Biden Jr.,43872,43881,YouGov,936,rv,1.123359,0,45,46.12972,48.92914,NA,64500,118781
2020,Wisconsin,44138,Joseph R. Biden Jr.,43873,43879,Quinnipiac University,823,rv,1.210217,0,42,43.12814,45.88309,NA,64472,118606
2020,Wisconsin,44138,Joseph R. Biden Jr.,43844,43846,Tarrance Group,500,lv,0.8299353,0,47,46.8578,49.60072,NA,63578,117018
2020,Wisconsin,44138,Joseph R. Biden Jr.,43835,43838,Fox News/Beacon Research/Shaw & Co. Research,1504,rv,2.083902,0,46,47.05737,49.87545,NA,63246,115582
2020,Wisconsin,44138,Joseph R. Biden Jr.,43802,43804,Optimus,610,lv,0.7452961,0,39.08,40.41311,43.37107,NA,63026,114314
2020,West Virginia,44138,Joseph R. Biden Jr.,44124,44136,SurveyMonkey,738,lv,0.3180303,0.3180303,32,31.39679,31.40447,T,72664,136417
2020,West Virginia,44138,Joseph R. Biden Jr.,44122,44135,SurveyMonkey,798,lv,0.0479016,0.0467876,33,32.39066,32.39459,T,72526,136148
2020,West Virginia,44138,Joseph R. Biden Jr.,44121,44134,SurveyMonkey,805,lv,0.0236638,0.0225631,32,31.39679,31.40177,T,72425,135951
2020,West Virginia,44138,Joseph R. Biden Jr.,44120,44133,SurveyMonkey,791,lv,0.0228282,0.0212355,32,31.39679,31.40299,T,72346,135786
2020,West Virginia,44138,Joseph R. Biden Jr.,44105,44132,SurveyMonkey,1359,lv,0.2470967,0.172393,32,31.39679,31.41024,T,72243,135583
2020,West Virginia,44138,Joseph R. Biden Jr.,44104,44131,SurveyMonkey,1315,lv,0.0161758,0.0109093,33,32.39066,32.40425,T,72089,135216
2020,West Virginia,44138,Joseph R. Biden Jr.,44102,44129,SurveyMonkey,1271,lv,0.0341592,0.0190656,33,32.39066,32.41539,T,71979,134982
2020,West Virginia,44138,Joseph R. Biden Jr.,44101,44128,SurveyMonkey,1250,lv,0.0171968,0.0091983,33,32.39066,32.42422,T,71894,134808
2020,West Virginia,44138,Joseph R. Biden Jr.,44100,44127,SurveyMonkey,1223,lv,0.0172768,0.0088393,33,32.39066,32.43481,T,71827,134673
2020,West Virginia,44138,Joseph R. Biden Jr.,44098,44126,SurveyMonkey,1203,lv,0.0369667,0.0154744,33,32.39066,32.48103,T,71766,134542
2020,West Virginia,44138,Joseph R. Biden Jr.,44123,44124,Triton Polling & Research,544,lv,0.5765287,0.4558599,37.9,37.2532,37.26599,NA,71748,134435
2020,West Virginia,44138,Joseph R. Biden Jr.,44098,44125,SurveyMonkey,1154,lv,0,0,32,31.39679,31.50196,T,71683,134343
2020,West Virginia,44138,Joseph R. Biden Jr.,44097,44124,SurveyMonkey,1115,lv,0.0189664,0.0070573,32,31.39679,31.51932,T,71570,134118
2020,West Virginia,44138,Joseph R. Biden Jr.,44096,44123,SurveyMonkey,1075,lv,0.0188888,0.0065891,32,31.39679,31.53761,T,71468,133906
2020,West Virginia,44138,Joseph R. Biden Jr.,44095,44122,SurveyMonkey,1020,lv,0.0185693,0.0060458,33,32.39066,32.55246,T,71383,133722
2020,West Virginia,44138,Joseph R. Biden Jr.,44094,44121,SurveyMonkey,1002,lv,0.0189597,0.005732,34,33.38488,33.57158,T,71301,133561
2020,West Virginia,44138,Joseph R. Biden Jr.,44093,44120,SurveyMonkey,972,lv,0.0191807,0.0053528,35,34.37946,34.59286,T,71243,133444
2020,West Virginia,44138,Joseph R. Biden Jr.,44092,44119,SurveyMonkey,914,lv,0.0188782,0.0048293,34,33.38488,33.62046,T,71182,133317
2020,West Virginia,44138,Joseph R. Biden Jr.,44090,44118,SurveyMonkey,857,lv,0.0359168,0.0083527,34,33.38488,33.64212,T,71108,133167
2020,West Virginia,44138,Joseph R. Biden Jr.,44090,44117,SurveyMonkey,824,lv,0,0,34,33.38488,33.66391,T,71014,132960
2020,West Virginia,44138,Joseph R. Biden Jr.,44089,44116,SurveyMonkey,771,lv,0.0187516,0.0034887,34,33.38488,33.68737,T,70973,132803
2020,West Virginia,44138,Joseph R. Biden Jr.,44105,44110,Research America Inc.,450,lv,0.6126379,0.2137109,39,38.51056,38.66589,NA,70703,132427
2020,West Virginia,44138,Joseph R. Biden Jr.,44103,44104,Triton Polling & Research,525,rv,0.5731432,0.1066313,38,38.20701,38.52937,NA,70625,132056
2020,West Virginia,44138,Joseph R. Biden Jr.,43990,44012,SurveyMonkey,264,lv,0.1946796,0,27.06,26.49252,27.50639,NA,70448,131302
2020,West Virginia,44138,Joseph R. Biden Jr.,44013,44043,SurveyMonkey,494,lv,0.2843392,0,31.78,31.17819,32.29874,NA,70398,131200
2020,NA,NA,NA,NA,NA,NA,856.5,NA,0.6001908,0,49,49.51072,50.021384999999995,NA,70607,132012
2020,NA,NA,NA,NA,NA,NA,856.5,NA,0.6001908,0,49,49.51072,50.021384999999995,NA,70607,132012
2020,NA,NA,NA,NA,NA,NA,856.5,NA,0.6001908,0,49,49.51072,50.021384999999995,NA,70607,132012
2020,NA,NA,NA,NA,NA,NA,856.5,NA,0.6001908,0,49,49.51072,50.021384999999995,NA,70607,132012
2020,NA,NA,NA,NA,NA,NA,856.5,NA,0.6001908,0,49,49.51072,50.021384999999995,NA,70607,132012
2020,NA,NA,NA,NA,NA,NA,856.5,NA,0.6001908,0,49,49.51072,50.021384999999995,NA,70607,132012
2020,NA,NA,NA,NA,NA,NA,856.5,NA,0.6001908,0,49,49.51072,50.021384999999995,NA,70607,132012
2020,NA,NA,NA,NA,NA,NA,856.5,NA,0.6001908,0,49,49.51072,50.021384999999995,NA,70607,132012
2020,NA,NA,NA,NA,NA,NA,856.5,NA,0.6001908,0,49,49.51072,50.021384999999995,NA,70607,132012
2020,NA,NA,NA,NA,NA,NA,856.5,NA,0.6001908,0,49,49.51072,50.021384999999995,NA,70607,132012
2020,NA,NA,NA,NA,NA,NA,856.5,NA,0.6001908,0,49,49.51072,50.021384999999995,NA,70607,132012
2020,NA,NA,NA,NA,NA,NA,856.5,NA,0.6001908,0,49,49.51072,50.021384999999995,NA,70607,132012
2020,NA,NA,NA,NA,NA,NA,856.5,NA,0.6001908,0,49,49.51072,50.021384999999995,NA,70607,132012
2020,NA,NA,NA,NA,NA,NA,856.5,NA,0.6001908,0,49,49.51072,50.021384999999995,NA,70607,132012
2020,NA,NA,NA,NA,NA,NA,856.5,NA,0.6001908,0,49,49.51072,50.021384999999995,NA,70607,132012
2020,NA,NA,NA,NA,NA,NA,856.5,NA,0.6001908,0,49,49.51072,50.021384999999995,NA,70607,132012
2020,NA,NA,NA,NA,NA,NA,856.5,NA,0.6001908,0,49,49.51072,50.021384999999995,NA,70607,132012
2020,NA,NA,NA,NA,NA,NA,856.5,NA,0.6001908,0,49,49.51072,50.021384999999995,NA,70607,132012
2020,NA,NA,NA,NA,NA,NA,856.5,NA,0.6001908,0,49,49.51072,50.021384999999995,NA,70607,132012
2020,NA,NA,NA,NA,NA,NA,856.5,NA,0.6001908,0,49,49.51072,50.021384999999995,NA,70607,132012
2020,NA,NA,NA,NA,NA,NA,856.5,NA,0.6001908,0,49,49.51072,50.021384999999995,NA,70607,132012
2020,NA,NA,NA,NA,NA,NA,856.5,NA,0.6001908,0,49,49.51072,50.021384999999995,NA,70607,132012
2020,NA,NA,NA,NA,NA,NA,856.5,NA,0.6001908,0,49,49.51072,50.021384999999995,NA,70607,132012
2020,NA,NA,NA,NA,NA,NA,856.5,NA,0.6001908,0,49,49.51072,50.021384999999995,NA,70607,132012
2020,NA,NA,NA,NA,NA,NA,856.5,NA,0.6001908,0,49,49.51072,50.021384999999995,NA,70607,132012
2020,NA,NA,NA,NA,NA,NA,856.5,NA,0.6001908,0,49,49.51072,50.021384999999995,NA,70607,132012
2020,NA,NA,NA,NA,NA,NA,856.5,NA,0.6001908,0,49,49.51072,50.021384999999995,NA,70607,132012
2020,NA,NA,NA,NA,NA,NA,856.5,NA,0.6001908,0,49,49.51072,50.021384999999995,NA,70607,132012
2020,NA,NA,NA,NA,NA,NA,856.5,NA,0.6001908,0,49,49.51072,50.021384999999995,NA,70607,132012
2020,NA,NA,NA,NA,NA,NA,856.5,NA,0.6001908,0,49,49.51072,50.021384999999995,NA,70607,132012
2020,NA,NA,NA,NA,NA,NA,856.5,NA,0.6001908,0,49,49.51072,50.021384999999995,NA,70607,132012
2020,NA,NA,NA,NA,NA,NA,856.5,NA,0.6001908,0,49,49.51072,50.021384999999995,NA,70607,132012
2020,NA,NA,NA,NA,NA,NA,856.5,NA,0.6001908,0,49,49.51072,50.021384999999995,NA,70607,132012
2020,NA,NA,NA,NA,NA,NA,856.5,NA,0.6001908,0,49,49.51072,50.021384999999995,NA,70607,132012
2020,NA,NA,NA,NA,NA,NA,856.5,NA,0.6001908,0,49,49.51072,50.021384999999995,NA,70607,132012
2020,NA,NA,NA,NA,NA,NA,856.5,NA,0.6001908,0,49,49.51072,50.021384999999995,NA,70607,132012
2020,NA,NA,NA,NA,NA,NA,856.5,NA,0.6001908,0,49,49.51072,50.021384999999995,NA,70607,132012
2020,NA,NA,NA,NA,NA,NA,856.5,NA,0.6001908,0,49,49.51072,50.021384999999995,NA,70607,132012
2020,NA,NA,NA,NA,NA,NA,856.5,NA,0.6001908,0,49,49.51072,50.021384999999995,NA,70607,132012
2020,NA,NA,NA,NA,NA,NA,856.5,NA,0.6001908,0,49,49.51072,50.021384999999995,NA,70607,132012
2020,NA,NA,NA,NA,NA,NA,856.5,NA,0.6001908,0,49,49.51072,50.021384999999995,NA,70607,132012
2020,NA,NA,NA,NA,NA,NA,856.5,NA,0.6001908,0,49,49.51072,50.021384999999995,NA,70607,132012
2020,NA,NA,NA,NA,NA,NA,856.5,NA,0.6001908,0,49,49.51072,50.021384999999995,NA,70607,132012
2020,NA,NA,NA,NA,NA,NA,856.5,NA,0.6001908,0,49,49.51072,50.021384999999995,NA,70607,132012
2020,NA,NA,NA,NA,NA,NA,856.5,NA,0.6001908,0,49,49.51072,50.021384999999995,NA,70607,132012
2020,NA,NA,NA,NA,NA,NA,856.5,NA,0.6001908,0,49,49.51072,50.021384999999995,NA,70607,132012
2020,NA,NA,NA,NA,NA,NA,856.5,NA,0.6001908,0,49,49.51072,50.021384999999995,NA,70607,132012
2020,NA,NA,NA,NA,NA,NA,856.5,NA,0.6001908,0,49,49.51072,50.021384999999995,NA,70607,132012
2020,NA,NA,NA,NA,NA,NA,856.5,NA,0.6001908,0,49,49.51072,50.021384999999995,NA,70607,132012
2020,NA,NA,NA,NA,NA,NA,856.5,NA,0.6001908,0,49,49.51072,50.021384999999995,NA,70607,132012
2020,NA,NA,NA,NA,NA,NA,856.5,NA,0.6001908,0,49,49.51072,50.021384999999995,NA,70607,132012
2020,NA,NA,NA,NA,NA,NA,856.5,NA,0.6001908,0,49,49.51072,50.021384999999995,NA,70607,132012
2020,NA,NA,NA,NA,NA,NA,856.5,NA,0.6001908,0,49,49.51072,50.021384999999995,NA,70607,132012
2020,NA,NA,NA,NA,NA,NA,856.5,NA,0.6001908,0,49,49.51072,50.021384999999995,NA,70607,132012
2020,NA,NA,NA,NA,NA,NA,856.5,NA,0.6001908,0,49,49.51072,50.021384999999995,NA,70607,132012
2020,NA,NA,NA,NA,NA,NA,856.5,NA,0.6001908,0,49,49.51072,50.021384999999995,NA,70607,132012
2020,NA,NA,NA,NA,NA,NA,856.5,NA,0.6001908,0,49,49.51072,50.021384999999995,NA,70607,132012
2020,NA,NA,NA,NA,NA,NA,856.5,NA,0.6001908,0,49,49.51072,50.021384999999995,NA,70607,132012
2020,NA,NA,NA,NA,NA,NA,856.5,NA,0.6001908,0,49,49.51072,50.021384999999995,NA,70607,132012
2020,NA,NA,NA,NA,NA,NA,856.5,NA,0.6001908,0,49,49.51072,50.021384999999995,NA,70607,132012
2020,NA,NA,NA,NA,NA,NA,856.5,NA,0.6001908,0,49,49.51072,50.021384999999995,NA,70607,132012
2020,NA,NA,NA,NA,NA,NA,856.5,NA,0.6001908,0,49,49.51072,50.021384999999995,NA,70607,132012
2020,NA,NA,NA,NA,NA,NA,856.5,NA,0.6001908,0,49,49.51072,50.021384999999995,NA,70607,132012
2020,NA,NA,NA,NA,NA,NA,856.5,NA,0.6001908,0,49,49.51072,50.021384999999995,NA,70607,132012
2020,NA,NA,NA,NA,NA,NA,856.5,NA,0.6001908,0,49,49.51072,50.021384999999995,NA,70607,132012
2020,NA,NA,NA,NA,NA,NA,856.5,NA,0.6001908,0,49,49.51072,50.021384999999995,NA,70607,132012
2020,NA,NA,NA,NA,NA,NA,856.5,NA,0.6001908,0,49,49.51072,50.021384999999995,NA,70607,132012
2020,NA,NA,NA,NA,NA,NA,856.5,NA,0.6001908,0,49,49.51072,50.021384999999995,NA,70607,132012
2020,NA,NA,NA,NA,NA,NA,856.5,NA,0.6001908,0,49,49.51072,50.021384999999995,NA,70607,132012
2020,NA,NA,NA,NA,NA,NA,856.5,NA,0.6001908,0,49,49.51072,50.021384999999995,NA,70607,132012
2020,NA,NA,NA,NA,NA,NA,856.5,NA,0.6001908,0,49,49.51072,50.021384999999995,NA,70607,132012
2020,NA,NA,NA,NA,NA,NA,856.5,NA,0.6001908,0,49,49.51072,50.021384999999995,NA,70607,132012
2020,NA,NA,NA,NA,NA,NA,856.5,NA,0.6001908,0,49,49.51072,50.021384999999995,NA,70607,132012
2020,NA,NA,NA,NA,NA,NA,856.5,NA,0.6001908,0,49,49.51072,50.021384999999995,NA,70607,132012
2020,NA,NA,NA,NA,NA,NA,856.5,NA,0.6001908,0,49,49.51072,50.021384999999995,NA,70607,132012
2020,NA,NA,NA,NA,NA,NA,856.5,NA,0.6001908,0,49,49.51072,50.021384999999995,NA,70607,132012
2020,NA,NA,NA,NA,NA,NA,856.5,NA,0.6001908,0,49,49.51072,50.021384999999995,NA,70607,132012
2020,NA,NA,NA,NA,NA,NA,856.5,NA,0.6001908,0,49,49.51072,50.021384999999995,NA,70607,132012
2020,NA,NA,NA,NA,NA,NA,856.5,NA,0.6001908,0,49,49.51072,50.021384999999995,NA,70607,132012
2020,NA,NA,NA,NA,NA,NA,856.5,NA,0.6001908,0,49,49.51072,50.021384999999995,NA,70607,132012
2020,NA,NA,NA,NA,NA,NA,856.5,NA,0.6001908,0,49,49.51072,50.021384999999995,NA,70607,132012
2020,NA,NA,NA,NA,NA,NA,856.5,NA,0.6001908,0,49,49.51072,50.021384999999995,NA,70607,132012
2020,NA,NA,NA,NA,NA,NA,856.5,NA,0.6001908,0,49,49.51072,50.021384999999995,NA,70607,132012
2020,Vermont,44138,Joseph R. Biden Jr.,44124,44136,SurveyMonkey,719,lv,0.2431795,0.2431795,71,69.32835,69.35448,T,72667,136420
2020,Vermont,44138,Joseph R. Biden Jr.,44122,44135,SurveyMonkey,737,lv,0.0353829,0.0350687,71,69.32835,69.34655,T,72529,136151
2020,Vermont,44138,Joseph R. Biden Jr.,44121,44134,SurveyMonkey,734,lv,0.017527,0.0172157,70,68.30879,68.33289,T,72428,135954
2020,Vermont,44138,Joseph R. Biden Jr.,44120,44133,SurveyMonkey,749,lv,0.0178015,0.0173272,69,67.29033,67.32158,T,72349,135789
2020,Vermont,44138,Joseph R. Biden Jr.,44105,44132,SurveyMonkey,1167,lv,0.199798,0.1767308,69,67.29033,67.37616,T,72246,135586
2020,Vermont,44138,Joseph R. Biden Jr.,44123,44124,co/efficient,584,lv,0.5290526,0.486766,62,63.57672,63.69811,NA,72218,135482
2020,Vermont,44138,Joseph R. Biden Jr.,44104,44131,SurveyMonkey,1087,lv,0.0124457,0.0108983,68,66.27293,66.36275,T,72092,135219
2020,Vermont,44138,Joseph R. Biden Jr.,44102,44129,SurveyMonkey,1002,lv,0.0233641,0.0194216,67,65.25658,65.38388,T,71982,134985
2020,Vermont,44138,Joseph R. Biden Jr.,44100,44128,SurveyMonkey,978,lv,0.0221187,0.0181899,67,65.25658,65.39809,T,71897,134811
2020,Vermont,44138,Joseph R. Biden Jr.,44100,44127,SurveyMonkey,969,lv,0,0,67,65.25658,65.41576,T,71830,134676
2020,Vermont,44138,Joseph R. Biden Jr.,44098,44126,SurveyMonkey,939,lv,0.021749,0.0169202,66,64.24128,64.47486,T,71769,134545
2020,Vermont,44138,Joseph R. Biden Jr.,44097,44125,SurveyMonkey,858,lv,0.0099644,0.0076635,66,64.24128,64.48678,T,71686,134346
2020,Vermont,44138,Joseph R. Biden Jr.,44096,44124,SurveyMonkey,829,lv,0.0096588,0.0073427,66,64.24128,64.50285,T,71573,134121
2020,Vermont,44138,Joseph R. Biden Jr.,44096,44123,SurveyMonkey,785,lv,0,0,67,65.25658,65.53284,T,71471,133909
2020,Vermont,44138,Joseph R. Biden Jr.,44095,44122,SurveyMonkey,769,lv,0.009348,0.0069405,67,65.25658,65.55186,T,71386,133725
2020,Vermont,44138,Joseph R. Biden Jr.,44094,44121,SurveyMonkey,759,lv,0.0092644,0.0067961,67,65.25658,65.57535,T,71304,133564
2020,Vermont,44138,Joseph R. Biden Jr.,44093,44120,SurveyMonkey,730,lv,0.008951,0.0064867,67,65.25658,65.60562,T,71246,133447
2020,Vermont,44138,Joseph R. Biden Jr.,44092,44119,SurveyMonkey,651,lv,0.008022,0.0057422,67,65.25658,65.632320000000007,T,71185,133320
2020,Vermont,44138,Joseph R. Biden Jr.,44091,44118,SurveyMonkey,610,lv,0.0075573,0.0053424,66,64.24128,64.64209,T,71111,133170
2020,Vermont,44138,Joseph R. Biden Jr.,44089,44117,SurveyMonkey,579,lv,0.0139316,0.0097249,65,63.22701,63.64939,T,71017,132963
2020,Vermont,44138,Joseph R. Biden Jr.,44088,44116,SurveyMonkey,557,lv,0.0067446,0.0046481,65,63.22701,63.67144,T,70970,132800
2020,Vermont,44138,Joseph R. Biden Jr.,43990,44012,SurveyMonkey,113,lv,0.1127496,0,74.91,73.32545,74.66182,NA,70451,131305
2020,Vermont,44138,Joseph R. Biden Jr.,44013,44043,SurveyMonkey,368,lv,0.2985707,0,71.18,69.51198,70.98692,NA,70401,131203
2020,Vermont,44138,Joseph R. Biden Jr.,44044,44074,SurveyMonkey,236,lv,0.1879181,0.0327104,70.48,68.79805,69.96854,NA,70351,131101
2020,Vermont,44138,Joseph R. Biden Jr.,44075,44104,SurveyMonkey,427,lv,0.0718191,0.0405657,64.06,62.27453,63.14929,T,70299,130994
2020,Vermont,44138,Joseph R. Biden Jr.,44077,44089,Braun Research,586,lv,0.8636532,0.4111173,55.73,57.28205,58.2062,NA,69647,129842
2020,Utah,44138,Joseph R. Biden Jr.,44124,44136,SurveyMonkey,1435,lv,0.3479773,0.3479773,44,42.30967,42.31537,T,72669,136422
2020,Utah,44138,Joseph R. Biden Jr.,44122,44135,SurveyMonkey,1519,lv,0.0513227,0.0501292,43,41.31608,41.30889,T,72531,136153
2020,Utah,44138,Joseph R. Biden Jr.,44121,44134,SurveyMonkey,1511,lv,0.024971899999999998,0.0238104,43,41.31608,41.30848,T,72430,135956
2020,Utah,44138,Joseph R. Biden Jr.,44119,44128,Y2 Analytics,660,lv,0.8780674,0.7555463,44,42.87625,42.75739,NA,72411,135868
2020,Utah,44138,Joseph R. Biden Jr.,44120,44133,SurveyMonkey,1517,lv,0.024589,0.0228734,44,42.30967,42.30033,T,72351,135791
2020,Utah,44138,Joseph R. Biden Jr.,44105,44132,SurveyMonkey,2783,lv,0.2747538,0.1916887,43,41.31608,41.32626,T,72248,135588
2020,Utah,44138,Joseph R. Biden Jr.,44104,44131,SurveyMonkey,2689,lv,0.0179548,0.012109,43,41.31608,41.33171,T,72094,135221
2020,Utah,44138,Joseph R. Biden Jr.,44101,44129,SurveyMonkey,2466,lv,0.0520788,0.0290673,45,43.30414,43.36729,T,71984,134987
2020,Utah,44138,Joseph R. Biden Jr.,44101,44128,SurveyMonkey,2434,lv,0,0,45,43.30414,43.38609,T,71899,134813
2020,Utah,44138,Joseph R. Biden Jr.,44100,44127,SurveyMonkey,2398,lv,0.018428,0.0094283,45,43.30414,43.40615,T,71832,134678
2020,Utah,44138,Joseph R. Biden Jr.,44098,44126,SurveyMonkey,2340,lv,0.0393532,0.0164734,45,43.30414,43.49363,T,71771,134547
2020,Utah,44138,Joseph R. Biden Jr.,44116,44121,RMG Research,1000,lv,0.8812282,0.5943167,38,40.51583,40.4575,NA,71445,134418
2020,Utah,44138,Joseph R. Biden Jr.,44098,44125,SurveyMonkey,2304,lv,0,0,45,43.30414,43.51869,T,71688,134348
2020,Utah,44138,Joseph R. Biden Jr.,44097,44124,SurveyMonkey,2279,lv,0.0214654,0.0079871,45,43.30414,43.54066,T,71575,134123
2020,Utah,44138,Joseph R. Biden Jr.,44095,44123,SurveyMonkey,2239,lv,0.0425502,0.0148431,45,43.30414,43.56149,T,71473,133911
2020,Utah,44138,Joseph R. Biden Jr.,44095,44122,SurveyMonkey,2187,lv,0,0,45,43.30414,43.58289,T,71388,133727
2020,Utah,44138,Joseph R. Biden Jr.,44093,44121,SurveyMonkey,2152,lv,0.0453486,0.0137101,45,43.30414,43.60603,T,71306,133566
2020,Utah,44138,Joseph R. Biden Jr.,44093,44120,SurveyMonkey,2112,lv,0,0,44,42.30967,42.63916,T,71248,133449
2020,Utah,44138,Joseph R. Biden Jr.,44092,44119,SurveyMonkey,2002,lv,0.0247655,0.0063354,44,42.30967,42.66751,T,71187,133322
2020,Utah,44138,Joseph R. Biden Jr.,44091,44118,SurveyMonkey,1913,lv,0.0254299,0.0059139,44,42.30967,42.69522,T,71113,133172
2020,Utah,44138,Joseph R. Biden Jr.,44090,44117,SurveyMonkey,1843,lv,0.0265493,0.0055568,44,42.30967,42.72319,T,71019,132965
2020,Utah,44138,Joseph R. Biden Jr.,44088,44116,SurveyMonkey,1783,lv,0.0537673,0.0100032,44,42.30967,42.75043,T,70969,132799
2020,Utah,44138,Joseph R. Biden Jr.,44100,44108,Y2 Analytics,1214,lv,1.222924,0.2275208,40,38.89613,39.222,NA,70578,131811
2020,Utah,44138,Joseph R. Biden Jr.,43990,44012,SurveyMonkey,412,lv,0.2159572,0,41.43,39.7579,41.0206,NA,70453,131307
2020,Utah,44138,Joseph R. Biden Jr.,44013,44043,SurveyMonkey,1037,lv,0.3906473,0,39.97,38.31084,39.57855,NA,70403,131205
2020,Utah,44138,Joseph R. Biden Jr.,44044,44074,SurveyMonkey,893,lv,0.3912228,0,41.46,39.78765,40.9435,NA,70353,131103
2020,Utah,44138,Joseph R. Biden Jr.,44075,44104,SurveyMonkey,1192,lv,0.2716615,0,42.3,40.62108,41.54392,T,70301,130996
2020,Utah,44138,Joseph R. Biden Jr.,44081,44086,RMG Research,1000,lv,0.8857145,0,35,37.46625,38.47118,NA,69438,129462
2020,Utah,44138,Joseph R. Biden Jr.,44039,44044,RMG Research,1000,rv,0.8440243,0,31,34.20826,35.244,NA,67870,127241
2020,Utah,44138,Joseph R. Biden Jr.,43960,43966,Y2 Analytics,1078,lv,1.063363,0,39.4,38.29992,40.84112,NA,66525,123970
2020,Utah,44138,Joseph R. Biden Jr.,43936,43942,RMG Research,964,rv,0.6436153,0,32,35.23944,37.68404,NA,65940,122163
2020,Utah,44138,Joseph R. Biden Jr.,43911,43920,Y2 Analytics,1266,lv,1.18056,0,41,39.89028,42.23905,NA,65728,121489
2020,Utah,44138,Joseph R. Biden Jr.,43885,43891,RMG Research,1000,rv,0.5939063,0,33,36.26863,38.13718,NA,64734,119714
2020,Utah,44138,Joseph R. Biden Jr.,43845,43852,RMG Research,1017,rv,0.6478483,0,31,34.20826,36.32998,NA,63405,116395
2020,Texas,44138,Joseph R. Biden Jr.,44131,44137,Swayable,1151,lv,0.4886183,0.4725775,47.2,47.09702,47.11913,NA,72774,136556
2020,South Carolina,44138,Joseph R. Biden Jr.,44096,44099,YouGov,1080,lv,1.328531,0,42,42.42631,43.00054,NA,69993,130353
2020,South Carolina,44138,Joseph R. Biden Jr.,44085,44094,Morning Consult,764,lv,0.84002,0,44,44.00369,44.80875,T,69637,129829
2020,South Carolina,44138,Joseph R. Biden Jr.,44084,44088,Quinnipiac University,969,lv,1.367824,0,45,44.39022,45.28009,NA,69491,129444
2020,South Carolina,44138,Joseph R. Biden Jr.,44042,44046,Quinnipiac University,914,rv,1.306128,0,42,42.26971,43.25962,NA,67951,127225
2020,South Carolina,44138,Joseph R. Biden Jr.,44036,44045,Morning Consult,741,lv,0.8276941,0,44,44.00369,45.00088,T,67881,127091
2020,South Carolina,44138,Joseph R. Biden Jr.,44027,44032,ALG Research,591,lv,0.5650506,0,45,43.42951,44.4605,NA,67684,126743
2020,South Carolina,44138,Joseph R. Biden Jr.,44025,44031,brilliant corners Research & Strategies,800,lv,0.8041003,0,43,42.00259,43.03441,NA,67677,126709
2020,South Carolina,44138,Joseph R. Biden Jr.,44029,44029,Gravis Marketing,604,lv,0.7638013,0,46,45.50649,46.57328,NA,67578,126433
2020,South Carolina,44138,Joseph R. Biden Jr.,43974,43977,Civiqs,591,rv,0.6887537,0,42,42.69104,44.33715,NA,66546,124015
2020,South Carolina,44138,Joseph R. Biden Jr.,43886,43889,AtlasIntel,1100,rv,0.9533595,0,41.8,42.94234,44.34124,NA,64622,119272
