cycle,state,modeldate,candidate_name,startdate,enddate,pollster,samplesize,population,weight,influence,pct,house_adjusted_pct,trend_and_house_adjusted_pct,tracking,poll_id,question_id
2020,Pennsylvania,44138,Joseph R. Biden Jr.,44095,9/26/2020,ABC News/The Washington Post,568,lv,1.245238,0,54,53.25167,53.8772,,70024,130435
2020,North Carolina,44138,Joseph R. Biden Jr.,"Monday, October 12, 2020",44121,ABC News/The Washington Post,646,lv,1.407856,0.4391763,49.5,49.22849,49.18126,,71441,133793
2020,Pennsylvania,44138,Joseph R. Biden Jr.,44069,9/1/2020,ALG Research,500,lv,0.6473723,0,50,49.87816,51.00852,,70092,130584
2020,North Carolina,"Tuesday, November 3, 2020",Joseph R. Biden Jr.,44096,"Monday, September 28, 2020",ALG Research,822,v,0.6241342,0,50,48.70365,49.34225,,70106,130600
2020,Pennsylvania,44138,Joseph R. Biden Jr.,"Wednesday, September 30, 2020",44112,Baldwin Wallace University,1140,LV,0.791219,0.1186829,49.6,50.42418,99,,70721,132290
2020,Pennsylvania,44138,Joseph R. Biden Jr.,"Tuesday, September 8, 2020",9/22/2020,Baldwin Wallace University,1012,lv,0.7620288,0,47.3,48.12308,49.02236,,69702,129962
2020,Pennsylvania,44138,Joseph R. Biden Jr.,"Friday, August 28, 2020",9/8/2020,Benenson Strategy Group/GS Strategy Group,1600,lv,2.26868,0,49,49.23656,50.30337,,68581,128408
2020,North Carolina,44138,Joseph R. Biden Jr.,44071,44082,Benenson Strategy Group/GS Strategy Group,1600,lv,2.26868,0,48,47.91197,49.01786,,68576,128402
2020,North Carolina,44138,Joseph R. Biden Jr.,44034,44036,Cardinal Point Analytics (CardinalGPS),735,lv,0.7,0,46.8,47.41267,48.60242,,67834,126975
2020,North Carolina,44138,Joseph R. Biden Jr.,44025,44027,Cardinal Point Analytics (CardinalGPS),547,lv,0.6,0,47.7,48.31337,49.52461,,67586,126453
2020,Pennsylvania,44138,Joseph R. Biden Jr.,44120,44123,Change Research,574,lv,0.5338545,0.2114914,49, 49.49 ,49.41466,,71523,133961
2020,Pennsylvania,44138,Joseph R. Biden Jr.,"Friday, October 2, 2020",44108,Change Research,468,lv,0.547435,0.0533378,50,50.48972,50.62025,,70608,132013
2020,Pennsylvania,44138,Joseph R. Biden Jr.,"Friday, September 18, 2020",9/20/2020,Change Research,579,lv,0.5571989,0,49,49.48966,50.28988,,69685,129907
2020,Pennsylvania,44138,Joseph R. Biden Jr.,"Friday, September 4, 2020",9/6/2020,Change Research,829,lv,0.7047589,0,50,50.48972,51.55084,,68537,128312
2020,Pennsylvania,44138,Joseph R. Biden Jr.,44064,44066,Change Research,984,lv,0.8284237,0,49,49.48966,50.62167,,68208,127745
2020,Pennsylvania,44138,Joseph R. Biden Jr.,44050,44052,Change Research,456,lv,0.5331308,0,48,48.48935,49.51677,,68015,127366
2020,Pennsylvania,44138,Joseph R. Biden Jr.,44036,44038,Change Research,382,lv,0.4084386,0,48,48.48935,49.68142,,67812,126906
2020,Pennsylvania,44138,Joseph R. Biden Jr.,44022,44024,Change Research,743,lv,0.6155448,0,50,50.48972,51.77295,,67091,125354
2020,North Carolina,44138,Joseph R. Biden Jr.,"Friday, October 16, 2020",44123,Change Research,521,lv,0.5323088,0.1919713,50,49.92628,49.85628,,71522,133960
2020,North Carolina,"Tuesday, November 3, 2020",Joseph R. Biden Jr.,44106,"Sunday, October 4, 2020",Change Research,396,lv,0.4976829,0.0064367,49,48.9263,49.05155,,70607,132012
2020,North Carolina,"Tuesday, November 3, 2020",Joseph R. Biden Jr.,44092,"Sunday, September 20, 2020",Change Research,579,lv,0.5966712,0,48,47.92636,48.77554,,69684,129906
2020,North Carolina,44138,Joseph R. Biden Jr.,44078,44080,Change Research,442,lv,0.5026088,0,49,48.9263,50.028,,68536,128311
2020,North Carolina,44138,Joseph R. Biden Jr.,44064,44066,Change Research,560,lv,0.6481425,0,48,47.92636,49.05305,,68207,127744
2020,North Carolina,44138,Joseph R. Biden Jr.,44050,44052,Change Research,491,lv,0.6,0,47,46.92645,47.9892,,68014,127365
2020,North Carolina,44138,Joseph R. Biden Jr.,44036,44038,Change Research,284,lv,0.3,0,49,48.9263,50.09818,,67811,126905
2020,North Carolina,44138,Joseph R. Biden Jr.,44022,44024,Change Research,655,lv,0.6,0,47,46.92645,48.11309,,67090,125353
2020,North Carolina,44138,Joseph R. Biden Jr.,44008,44010,Change Research,468,lv,0.4795664,0,51,50.9263,51.97267,,66959,125032
2020,Pennsylvania,11/3/2020,Joseph R. Biden Jr.,10/17/2020,10/20/2020,Citizen Data,1000,lv,0.84,0.3767777,43.99,45.70989,45.65656,,72185,135395
2020,North Carolina,44138,Joseph R. Biden Jr.,44121,44124,Citizen Data,1000,lv,0.8386342,0.3464956,50.15,49.93648,49.888,,72183,135393
2020,Pennsylvania,11/3/2020,Joseph R. Biden Jr.,10/23/2020,44130,Civiqs,1145,lv,0.89,0.6865926,52,50.96398,50.92224,,72039,135049
2020,Pennsylvania,44138,Joseph R. Biden Jr.,43888,"$43,893.00",Civiqs,2462,a,0.9992957,0,46,46.68612,48.88914,,71656,134242
2020,Pennsylvania,44138,Joseph R. Biden Jr.,43904,"$43,908.00",Civiqs,1589,a,0.7600638,0,46,46.68612,49.02021,,71655,134241
2020,Pennsylvania,44138,Joseph R. Biden Jr.,43925,"$43,929.00",Civiqs,1912,a,0.9893469,0,47,47.68723,50.31694,,71654,134240
2020,Pennsylvania,44138,Joseph R. Biden Jr.,43981,"$43,984.00",Civiqs,2045,a,0.8522091,0,49,49.68839,51.34432,,71653,134239
2020,Pennsylvania,44138,Joseph R. Biden Jr.,43988,43993,Civiqs,1221,a,0.5665522,0,49,49.68839,51.02766,,71652,134238
2020,Pennsylvania,44138,Joseph R. Biden Jr.,44121,44125,Civiqs,1577,a,0.6416456,0.2702048,52,52.6875,52.60624,,71651,134237
2020,Pennsylvania,44138,Joseph R. Biden Jr.,"Thursday, October 8, 2020",44115,Civiqs,600,lv,0.4137503,0.1009629,52,50.48113,50.44353,,71104,133107
2020,Pennsylvania,44138,Joseph R. Biden Jr.,"Friday, September 11, 2020",9/15/2020,Civiqs,549,rv,0.5378139,0,52,51.36915,52.31794,,69537,129546
2020,Pennsylvania,44138,Joseph R. Biden Jr.,44056,44060,Civiqs,617,rv,0.5686046,0,51,50.36877,51.33498,,68148,127645
2020,North Carolina,44138,Joseph R. Biden Jr.,"Sunday, October 11, 2020",,Civiqs,1211,lv,1.037819,0.2824152,51,50.05919,50.01477,,71070,133032
2020,Pennsylvania,44138,Joseph R. Biden Jr.,"Tuesday, September 8, 2020",9/11/2020,Climate Nexus,659,rv,0.6591295,0,48,49.10949,50.1032,,69559,129592
2020,Pennsylvania,44138,Joseph R. Biden Jr.,"Tuesday, September 15, 2020",9/17/2020,CPEC,820,lv,0.6651533,0,50.3,50.25144,51.13179,,69704,129973
2020,North Carolina,44138,Joseph R. Biden Jr.,"Thursday, October 15, 2020",44122,Data for Progress,929,lv,0.6487843,0.2074012,48,47.006,46.95403,,71752,134442
2020,North Carolina,"Tuesday, November 3, 2020",Joseph R. Biden Jr.,44104,44109,Data for Progress,1285,lv,0.8660193,0.0112307,51,50.00449,50.14535,,70657,132125
2020,North Carolina,44138,Joseph R. Biden Jr.,44036,44045,Data for Progress,1170,lv,1.2,0,47.5,47.13413,48.28976,,67937,127192
2020,North Carolina,44138,Joseph R. Biden Jr.,44131,44132,East Carolina University,1103,lv,1.042639,0.939135,50.32,50.39392,50.39997,,72332,135709
2020,North Carolina,44138,Joseph R. Biden Jr.,"Thursday, October 15, 2020",44122,East Carolina University,1155,lv,0.9392156,0.3056913,50.6,50.67391,50.6295,,71452,133822
2020,North Carolina,"Tuesday, November 3, 2020",Joseph R. Biden Jr.,44106,"Sunday, October 4, 2020",East Carolina University,1232,lv,1.098552,0.0142136,50.4,50.47392,50.62245,,70614,132028
2020,North Carolina,44138,Joseph R. Biden Jr.,44072,44073,East Carolina University,1101,lv,1.125847,0,46.6,46.67371,47.85116,,68307,127932
2020,North Carolina,44138,Joseph R. Biden Jr.,44055,44056,East Carolina University,1255,rv,1.1,0,46.5,47.4599,48.47969,,68076,127504
2020,North Carolina,44138,Joseph R. Biden Jr.,44004,44007,East Carolina University,1149,rv,1.077109,0,45.1,46.05733,47.10093,,66953,125022
2020,Pennsylvania,44138,Joseph R. Biden Jr.,"Sunday, October 4, 2020",44109,Emerson College,688,lv,99,0.1640431,50.8,49.94432,50.0448,,70620,132039
2020,Pennsylvania,44138,Joseph R. Biden Jr.,44051,44053,Emerson College,843,lv,1.436415,0,53.31,52.4561,53.4774,,68007,127354
2020,North Carolina,44138,Joseph R. Biden Jr.,"Tuesday, October 13, 2020",,Emerson College,721,lv,1.202496,0.3440265,49.2,48.7036,48.64693,,71161,133223
2020,North Carolina,"Tuesday, November 3, 2020",Joseph R. Biden Jr.,44090,"Friday, September 18, 2020",Emerson College,717,lv,1.27042,-,50.81,50.31351,51.2321,,69570,129616
2020,North Carolina,44138,Joseph R. Biden Jr.,44051,44053,Emerson College,673,lv,1.2,0,49.41,48.91355,49.97494,,68006,127353
2020,Pennsylvania,44138,Joseph R. Biden Jr.,44121,44124,Fox News/Beacon Research/Shaw & Co. Research,1045,lv,1.7732,0.796655,50, 49.68 ,49.60559,,71627,134185
2020,Pennsylvania,44138,Joseph R. Biden Jr.,44094,9/23/2020,Fox News/Beacon Research/Shaw & Co. Research,856,lv,1.524044,0,51,50.6817,51.38206,,69962,130284
2020,Pennsylvania,44138,Joseph R. Biden Jr.,44030,44032,Fox News/Beacon Research/Shaw & Co. Research,793,rv,1.283909,0,50,50.56985,51.82428,,67647,126563
2020,North Carolina,44138,Joseph R. Biden Jr.,44072,44075,Fox News/Beacon Research/Shaw & Co. Research,722,lv,1.331984,0,50,50.00501,51.18423,,68339,128019
2020,North Carolina,44138,Joseph R. Biden Jr.,44002,44005,Fox News/Beacon Research/Shaw & Co. Research,1012,rv,1.557636,0,47,47.89174,48.94084,,66918,124955
2020,Pennsylvania,11/3/2020,Joseph R. Biden Jr.,10/19/2020,44129,Franklin & Marshall College,558,lv,0.88,0.5393246,50,50.0958,50.03267,,72172,135367
2020,Pennsylvania,44138,Joseph R. Biden Jr.,"Monday, September 14, 2020",9/20/2020,Franklin & Marshall College,480,lv,0.7896083,0,48,48.09571,48.95696,,69708,129978
2020,Pennsylvania,44138,Joseph R. Biden Jr.,44060,44066,Franklin & Marshall College,681,rv,0.9141793,0,49,49.98394,51.0765,,68221,127781
2020,Pennsylvania,44138,Joseph R. Biden Jr.,44032,44038,Franklin & Marshall College,667,rv,0.90144,0,50,50.98394,52.20291,,67836,126979
2020,Pennsylvania,44138,Joseph R. Biden Jr.,44091,9/19/2020,Garin-Hart-Yang Research Group,400,lv,0.565323,0,53,51.22491,52.05267,,69984,130329
2020,North Carolina,"Tuesday, November 3, 2020",Joseph R. Biden Jr.,44098,"Sunday, September 27, 2020",Garin-Hart-Yang Research Group,400,lv,0.565323,0,49,47.71228,48.32658,,70133,130664
2020,North Carolina,44138,Joseph R. Biden Jr.,43934,43937,GBAO,500,lv,0.8061572,0,48,47.87635,49.98863,,67053,125282
2020,Pennsylvania,44138,Joseph R. Biden Jr.,44056,44062,Global Strategy Group,801,rv,0.5862823,0,51.5,50.68467,51.70432,,68264,127876
2020,Pennsylvania,44138,Joseph R. Biden Jr.,44063,44067,GQR Research (GQRR),500,lv,0.7012613,0,52,50.22805,51.35049,,68259,127869
2020,PA,44138,Joseph R. Biden Jr.,44127,"$44,127.00",Gravis Marketing,602,lv,0.76,0.5524664,51,51.23043,51.19273,,71824,134618
2020,Pennsylvania,44138,Joseph R. Biden Jr.,44034,44036,Gravis Marketing,1006,lv,0.9798656,0,48,48.2303,49.45415,,67659,126662
2020,North Carolina,44138,Joseph R. Biden Jr.,44130,44131,Gravis Marketing,614,lv,0.7707279,0.6702192,49,49.5144,49.51551,,72153,135302
2020,North Carolina,44138,Joseph R. Biden Jr.,44126,44129,Harper Polling,504,lv,0.8616698,0.5807495,47,48.61436,48.53727,,72139,135268
2020,North Carolina,"Tuesday, November 3, 2020",Joseph R. Biden Jr.,44091,"Sunday, September 20, 2020",Harper Polling,612,lv,0.9923094,0,44,45.60521,46.42874,,69650,129955
2020,North Carolina,44138,Joseph R. Biden Jr.,44049,44053,Harper Polling,600,lv,1.0,0,45,46.60909,47.6485,,68051,127443
2020,Pennsylvania,44138,Joseph R. Biden Jr.,"Monday, October 12, 2020",44119,Harris Insights & Analytics,992,lv,0.8644356,0.2780062,51,51.1684,51.11764,,71179,133261
2020,Pennsylvania,11/3/2020,Joseph R. Biden Jr.,44130,10/29/2020,HarrisInsightsAnalytics,901,lv,0.90,0.77323,51,51.1684,51.16853,,72237,135523
2020,North Carolina,44138,Joseph R. Biden Jr.,44035,44043,HIT Strategies,400,rv,0.4,0,47,46.58477,47.74956,,67983,127298
2020,Pennsylvania,44138,Joseph R. Biden Jr.,44069,8/31/2020,Hodas & Associates,600,lv,0.7015365,0,51.12,51.61408,52.70861,,68484,128205
2020,Pennsylvania,44138,Joseph R. Biden Jr.,44029,44034,Hodas & Associates,600,lv,0.7015365,0,50.83,51.32417,52.52066,,67907,127130
2020,Pennsylvania,44138,Joseph R. Biden Jr.,44098,9/26/2020,IBD/TIPP,774,lv,1.443998,0,49.7,50.01836,50.61081,,70001,130391
2020,Pennsylvania,44138,Joseph R. Biden Jr.,10/20/2020,44130,Ipsos,655,lv,0.64,0.4034152,50.5,50.94361,50.88847,,71976,134925
2020,Pennsylvania,44138,Joseph R. Biden Jr.,"Tuesday, October 13, 2020",44123,Ipsos,653,lv,0.6370794,0.2105985,49, 49.44 ,49.38496,,71379,133664
2020,Pennsylvania,44138,Joseph R. Biden Jr.,"Tuesday, October 6, 2020",44115,Ipsos,622,lv,0.6545612,0.1295789,51,51.4435,51.46373,,70741,132339
2020,Pennsylvania,44138,Joseph R. Biden Jr.,"Tuesday, September 29, 2020",44109,Ipsos,605,lv,0.7592051,0.0240902,50,50.44366,50.68629,,70585,131968
2020,Pennsylvania,44138,Joseph R. Biden Jr.,"Friday, September 11, 2020",9/16/2020,Ipsos,611,lv,0.8740835,0,49,49.4436,50.39291,,69626,129812
2020,North Carolina,44138,Joseph R. Biden Jr.,"Wednesday, October 21, 2020",44131,Isos,647,lv,0.6158097,0.4079825,49,49.51072,49.46658,,72059,135092
2020,North Carolina,44138,Joseph R. Biden Jr.,"Wednesday, October 14, 2020",44124,Ipsos,660,lv,0.6215126,0.1974436,49,49.51072,49.45313,,71463,133846
2020,North Carolina,44138,Joseph R. Biden Jr.,44111,44117,Ipsos,660,lv,0.6602848,0.1163536,48,48.5104,48.49193,,70786,132431
2020,North Carolina,"Tuesday, November 3, 2020",Joseph R. Biden Jr.,44103,"Tuesday, October 6, 2020",Ipsos,601,lv,0.7594614,0,47,47.50981,47.72636,,70616,132032
2020,North Carolina,"Tuesday, November 3, 2020",Joseph R. Biden Jr.,44085,"Wednesday, September 16, 2020",Ipsos,586,lv,0.851409,0,47,47.50981,48.51365,,69662,129867
2020,North Carolina,"Tuesday, November 3, 2020",Joseph R. Biden Jr.,44072,44087,Kaiser Family Foundation,1172,rv,1.67781,0,45,46.46817,47.55017,,69502,129468
2020,Pennsylvania,44138,Joseph R. Biden Jr.,44074,9/7/2020,Marist College,771,lv,1.560091,0,53,52.2066,53.27057,,68532,128302
2020,North Carolina,44138,Joseph R. Biden Jr.,44129,44132,Marist College,800,lv,1.611677,1.401502,52,50.69932,50.71867,,72331,135702
2020,North Carolina,44138,Joseph R. Biden Jr.,44026,44034,Marist College,882,rv,1.6,0,51,50.58697,51.8398,,67669,126680
2020,North Carolina,44138,Joseph R. Biden Jr.,44128,44131,Meeting Street Research,600,lv,0.7014403,0.5870991,48,49.04302,48.99615,,72397,135837
2020,North Carolina,44138,Joseph R. Biden Jr.,"Friday, October 16, 2020",44123,Meredith College,732,lv,0.8143851,0.3099262,48.1,48.35454,48.31055,,71746,134425
2020,North Carolina,"Tuesday, November 3, 2020",Joseph R. Biden Jr.,44092,"Tuesday, September 22, 2020",Meredith College,705,rv,0.7444701,0,45.7,46.83889,47.67994,,70010,130412
2020,Pennsylvania,44138,Joseph R. Biden Jr.,"Wednesday, September 30, 2020",44108,Monmouth University,500,lv,1.129217,0.0941015,53.5,53.07961,53.23301,,70599,131998
2020,Pennsylvania,44138,Joseph R. Biden Jr.,44071,44074,Monmouth University,400,lv,0.9060031,0,48.5,48.07876,49.19991,,68319,127965
2020,Pennsylvania,44138,Joseph R. Biden Jr.,44021,44025,Monmouth University,401,lv,0.9082416,0,51.5,51.07862,52.36125,,67101,125391
2020,North Carolina,44138,Joseph R. Biden Jr.,44112,44115,Monmouth University,500,lv,1.129217,0.2398337,49.5,49.33411,49.29909,,70780,132414
2020,North Carolina,44138,Joseph R. Biden Jr.,44072,44075,Monmouth University,401,lv,0.9082416,0,48,47.83427,48.98732,,68464,128156
2020,North Carolina,44138,Joseph R. Biden Jr.,44072,44081,Morning Con,1,lv,0.9601743,0,48,47.84831,48.95636,T,68548,128325
2020,Pennsylvania,44138,,44115,44124,Morning Consult,,,,,,,,,,
2020,Pennsylvania,44138,Joseph R. Biden Jr.,"Friday, October 2, 2020",44115,Morning Consult,2610,lv,0.9761202,0.1626984,52,51.83825,51.85999,T,70760,132369
2020,Pennsylvania,44138,Joseph R. Biden Jr.,"Saturday, August 29, 2020",9/7/2020,Morning Consult,2227,lv,1.041242,0,50,49.8381,50.89816,T,68550,128327
2020,Pennsylvania,44138,Joseph R. Biden Jr.,44064,44073,Morning Consult,2158,lv,0.9042551,0,49,48.83814,49.97576,T,68296,127917
2020,Pennsylvania,44138,Joseph R. Biden Jr.,44050,44059,Morning Consult,1777,lv,1.156262,0,50,49.8381,50.78598,T,68285,127906
2020,Pennsylvania,44138,Joseph R. Biden Jr.,43968,43977,Morning Consult,2120,lv,1.211936,0,48,47.83828,49.98344,T,67801,126887
2020,Pennsylvania,44138,Joseph R. Biden Jr.,44029,44038,MorningConsult,2092,lv,1.207903,0,50,49.8381,51.04383,T,67693,126757
2020,North Carolina,44138,Joseph R. Biden Jr.,"Sunday, October 11, 2020",44124,Morning Consult,1904,lv,0.8454283,0.2437091,50,49.84815,49.77348,T,71643,134215
2020,North Carolina,44138,Joseph R. Biden Jr.,44106,44115,Morning Consult,1993,lv,0.9278,0.0959775,50,49.84815,49.86258,T,70758,132367
2020,North Carolina,44138,Joseph R. Biden Jr.,44064,44073,Morning Consult,1567,lv,0.7512193,0,49,48.84819,49.98857,T,68295,127916
2020,North Carolina,44138,Joseph R. Biden Jr.,44050,44059,Morning Consult,1493,lv,0.9235623,0,49,48.84819,49.84546,T,68284,127905
2020,North Carolina,44138,Joseph R. Biden Jr.,44057,44066,Morning Consult,1541,lv,0.9,0,49,48.84819,49.91556,,68178,127696
2020,North Carolina,11111,Joseph R. Biden Jr.,43968,43977,Morning Consult,1403,lv,1.1,0,46,45.84879,47.94419,T,67799,126885
2020,North Carolina,44138,Joseph R. Biden Jr.,44029,44038,Morning Consult,1504,lv,1.1,0,47,46.84851,48.03346,T,67691,126755
2020,Pennsylvania,11/3/2020,Joseph R. Biden Jr.,NA,10/28/2020,Muhlenberg College,419,lv,0.8897241,0.7177963,49,48.76827,48.80106,,72401,135851
2020,Pennsylvania,44138,Joseph R. Biden Jr.,44117,"$44,124.00",Muhlenberg College,416,lv,0.88,0.344908,51,50.76825,50.75404,,71736,134408
2020,Pennsylvania,44138,Joseph R. Biden Jr.,44054,44060,Muhlenberg College,416,lv,0.8952302,0,49,48.76827,49.77896,,68138,127631
2020,Pennsylvania,44138,Joseph R. Biden Jr.,44045,44047,OnMessage Inc.,400,lv,0.5514615,0,50,51.21359,52.31232,,68115,127579
2020,Pennsylvania,44138,Joseph R. Biden Jr.,10/25/2020,44129,Opinion Savvy/InsiderAdvantage,400,lv,0.52,0.4033109,45.5,46.92356,46.90091,,71969,134912
2020,Pennsylvania,44138,Joseph R. Biden Jr.,"Monday, October 12, 2020",44117,Opinion Savvy/InsiderAdvantage,400,lv,0.6001908,0.1826773,45.8,47.22436,47.17924,,71099,133095
2020,Pennsylvania,11/3/2020,Joseph R. Biden Jr.,44132,10/29/2020,Public Policy Polling,1012,v,,,,,,,,
2020,Pennsylvania,44138,Joseph R. Biden Jr.,44125,"$44,126.00",Public Policy Polling,890,v,0.7324647,0.3803294,51,49.69312,49.60751,,71678,134285
2020,North Carolina,44138,Joseph R. Biden Jr.,"Monday, October 26, 2020",44131,Public Policy,937,v,0.9492856,0.8254917,51,49.85094,49.84616,,72057,135090
2020,NC,"Tuesday, November 3, 2020",Joseph R. Biden Jr.,44108,"Monday, October 5, 2020",Public Policy Polling,911,v,1.22716,0.0651589,50,49.32602,49.42479,,70576,131666
2020,North Carolina,44138,Joseph R. Biden Jr.,44042,44043,Public Policy Polling,934,v,0.7,0,49,47.85161,48.99701,,67985,127305
2020,North Carolina,0.00000,Joseph R. Biden Jr.,44035,44036,Public Policy Polling,884,v,0.7,0,49,47.85161,49.04854,,67789,126872
2020,North Carolina,44138,Joseph R. Biden Jr.,44019,44020,Public Policy Polling,818,v,0.9859976,0,50,49.32602,50.51114,,67044,125267
2020,Pennsylvania,11/3/2020,Biden,44127,10/27/2020,Quinnipiac University,1324,lv,1.66,1.286813,51,49.90831,49.87751,,72222,135487
2020,Pennsylvania,44138,Joseph R. Biden Jr.,44120,44123,Quinnipiac University,1241,lv,1.510332,0.6092092,51, 49.91 ,49.83975,,71555,134042
2020,Pennsylvania,44138,Joseph R. Biden Jr.,"Thursday, October 1, 2020",44109,Quinnipiac University,1211,lv,1.664769,0.1642187,54,52.91157,53.04825,,70649,132109
2020,Pennsylvania,44138,Joseph R. Biden Jr.,44071,9/1/2020,Quinnipiac University,1107,lv,1.636533,0,52,50.90884,52.0364,,68466,128167
2020,Pennsylvania,44138,Joseph R. Biden Jr.,"Sunday, October 18, 2020",44123,Rasmussen Reports/Pulse Opinion Research,800,lv,0.7878715,0.3413029,50, 50.42 ,50.3406,,71457,133838
2020,Pennsylvania,44138,Joseph R. Biden Jr.,44068,44070,Rasmussen Reports/Pulse Opinion Research,1000,lv,1.034299,0,47.82,48.23784,49.39486,,68461,128152
2020,Pennsylvania,44138,Joseph R. Biden Jr.,44027,44028,Rasmussen Reports/Pulse Opinion Research,750,lv,0.8990448,0,51,51.4181,52.69289,,67600,126475
2020,North Carolina,44138,Joseph R. Biden Jr.,"Tuesday, October 20, 2020",44125,Rasmussen Reports/Pulse Opinion Research,800,lv,0.772267,0.3594338,48,48.5744,48.50755,,71662,134249
2020,North Carolina,44138,Joseph R. Biden Jr.,44081,44082,Rasmussen Reports/Pulse Opinion Research,1000,lv,1.034299,0,47.94,48.51437,49.59297,,69408,129258
2020,North Carolina,44138,Joseph R. Biden Jr.,44049,44050,Rasmussen Reports/Pulse Opinion Research,750,lv,0.9,0,47.26,47.83395,48.9149,,67984,127302
2020,Pennsylvania,44138,Joseph R. Biden Jr.,"Sunday, October 4, 2020",44110,Redfield & Wilton Strategies,927,lv,0.4569446,0.0530524,49,49.72314,49.80518,,70709,132263
2020,Pennsylvania,44138,Joseph R. Biden Jr.,44097,9/25/2020,Redfield & Wilton Strategies,1015,lv,0.6559113,0,50,50.72319,51.33795,,70126,130653
2020,Pennsylvania,44138,Joseph R. Biden Jr.,"Saturday, September 12, 2020",9/14/2020,Redfield & Wilton Strategies,1036,lv,0.6157321,0,49,49.72314,50.66599,,69546,129564
2020,Pennsylvania,44138,Joseph R. Biden Jr.,44059,44060,Redfield & Wilton Strategies,1006,lv,0.8404686,0,48,48.72272,49.71105,,68157,127658
2020,Pennsylvania,44138,Joseph R. Biden Jr.,44031,44033,Redfield & Wilton Strategies,1016,lv,0.8434952,0,48,48.72272,49.95597,,67841,126985
2020,North Carolina,44138,Joseph R. Biden Jr.,44108,44110,Redfield & Wilton Strategies,938,lv,0.4888562,0.0228328,49,50.11975,50.20273,,70707,132261
2020,North Carolina,"Tuesday, November 3, 2020",Joseph R. Biden Jr.,44097,"Saturday, September 26, 2020",Redfield & Wilton Strategies,1097,lv,0.6668124,0,47,48.11811,48.74291,,70124,130651
2020,North Carolina,"Tuesday, November 3, 2020",Joseph R. Biden Jr.,44086,44089,Redfield & Wilton Strategies,1092,lv,0.6404983,-,47,48.11811,49.1132,,69545,129563
2020,North Carolina,44138,Joseph R. Biden Jr.,44073,44077,Redfield & Wilton Strategies,951,lv,0.6910198,0,43,44.10795,45.24002,,68523,128288
2020,North Carolina,44138,Joseph R. Biden Jr.,44059,44060,Redfield & Wilton Strategies,967,lv,0.8,0,44,45.11135,46.13823,,68156,127657
2020,North Carolina,44138,Joseph R. Biden Jr.,44031,44033,Redfield & Wilton Strategies,919,lv,0.8,0,43,44.10795,45.30535,,67839,126983
2020,North Carolina,44138,Joseph R. Biden Jr.,43996,43999,Redfield & Wilton Strategies,902,lv,0.8065658,0,46,47.11643,48.23368,,66905,124932
2020,Pennsylvania,11/3/2020,Joseph R. Biden Jr.,10/25/2020,44131,RMG Research,800,lv,0.81,0.6569993,51,51.44563,51.43074,,72169,135361
2020,Pennsylvania,44138,Joseph R. Biden Jr.,"Wednesday, October 7, 2020",44116,RMG Research,800,lv,0.8066381,0.1876525,49,49.44573,49.45204,,70988,132833
2020,North Carolina,44138,Joseph R. Biden Jr.,"Saturday, October 24, 2020",44130,RMG Research,800,lv,0.8138771,0.6546736,48,48.77704,48.75361,,72054,135084
2020,North Carolina,44138,Joseph R. Biden Jr.,44111,44115,RMG Research,800,lv,0.8106462,0.1397044,47,47.77621,47.7742,,70797,132449
2020,Pennsylvania,44138,Joseph R. Biden Jr.,"Wednesday, September 30, 2020",44106,Siena College/The New York Times Upshot,706,lv,1.443402,0.0952916,49,49.56757,49.75958,,70501,131409
2020,Pennsylvania,44138,Joseph R. Biden Jr.,44099,9/27/2020,Siena College/The New York Times Upshot,711,lv,1.453092,0,49,49.56757,50.12949,,70017,130426
2020,North Carolina,44138,Joseph R. Biden Jr.,"Friday, October 9, 2020",,Siena College/The New York Times Upshot,627,lv,1.314971,0.304192,46,46.64479,46.60834,,70998,132861
2020,North Carolina,"Tuesday, November 3, 2020",Joseph R. Biden Jr.,44085,44090,Siena College/The New York Times Upshot,653,lv,1.382465,-,45,45.64341,46.64757,,69525,129508
2020,Pennsylvania,44138,Joseph R. Biden Jr.,44027,44032,Spry Strategies,700,lv,0.7138253,0,47.02,48.81589,50.07093,,67628,126528
2020,North Carolina,44138,Joseph R. Biden Jr.,44024,44028,Spry Strategies,700,lv,0.7,0,45.52,47.18867,48.39563,,67627,126527
2020,Pennsylvania,44138,Joseph R. Biden Jr.,44119,44124,SSRS,843,lv,1.169078,0.493046,53, 52.10 ,52.03399,,71564,134058
2020,North Carolina,44138,Joseph R. Biden Jr.,44127,44134,SSRS,901,lv,1.216466,1.057829,51,50.19704,50.17222,,72418,135883
2020,North Carolina,44138,Joseph R. Biden Jr.,44083,44087,SSRS,787,lv,1.120816,0,49,48.19737,49.22852,,69462,129368
2020,Pennsylvania,44138,Joseph R. Biden Jr.,44119,44123,Suffolk University,500,lv,1.00103,0.3946089,48.6, 49.06 ,49.00854,,71533,133979
2020,North Carolina,"Tuesday, November 3, 2020",Joseph R. Biden Jr.,44085,44088,Suffolk University,500,lv,1.00103,0,46.8,47.10757,48.11973,,69504,129473
2020,Pennsylvania,11/3/2020,Joseph R. Biden Jr.,NA,10/29/2020,SurveyMonkey,5786,lv,0.0335261,0.020618,52,50.68518,50.65336,T,72357,135797
20,Pennsylvania,11/3/2020,Joseph R. Biden Jr.,44105,10/28/2020,SurveyMonkey,1,lv,0.4175465,0.1340907,52,50.68518,50.64987,T,72254,135594
2020,Pennsylvania,11/3/2020,Joseph R. Biden Jr.,9/30/2020,44131,SurveyMonkey,10250,lv,0.03,0.0085503,52,50.68518,50.65254,T,72100,135227
2020,Pennsylvania,44138,Joseph R. Biden Jr.,9/28/2020,44129,SurveyMonkey,9986,lv,0.07,0.0157106,52,50.68518,50.68615,T,71990,134993
2020,Pennsylvania,44138,Joseph R. Biden Jr.,9/27/2020,44128,SurveyMonkey,9903,lv,0.04,0.0077331,52,50.68518,50.69996,T,71905,134819
2020,Pennsylvania,44138,Joseph R. Biden Jr.,44100,"$44,127.00",SurveyMonkey,9777,lv,0.04,0.0076056,52,50.68518,50.71483,T,71838,134684
2020,Pennsylvania,44138,Joseph R. Biden Jr.,44099,"$44,126.00",SurveyMonkey,9615,lv,0.05,0.006119,52,50.68518,50.77949,T,71777,134553
2020,Pennsylvania,44138,Joseph R. Biden Jr.,44098,"$44,125.00",SurveyMonkey,9301,lv,0.05,0.0055268,52,50.68518,50.79485,T,71694,134354
2020,Pennsylvania,44138,Joseph R. Biden Jr.,44096,44124,SurveyMonkey,9131,lv,0.089875,0.0097267,52, 50.69 ,50.81253,T,71581,134129
2020,Pennsylvania,44138,Joseph R. Biden Jr.,44095,44123,SurveyMonkey,8803,lv,0.0452541,0.0043384,52, 50.69 ,50.83089,T,71479,133917
2020,Pennsylvania,44138,Joseph R. Biden Jr.,"Monday, September 21, 2020",44122,SurveyMonkey,8532,lv,0,0,53, 51.69 ,51.85089,T,71394,133733
2020,Pennsylvania,44138,Joseph R. Biden Jr.,"Saturday, September 19, 2020",44121,SurveyMonkey,8360,lv,0.0942056,0.0064614,53, 51.69 ,51.87418,T,71312,133572
2020,Pennsylvania,44138,Joseph R. Biden Jr.,"Saturday, September 19, 2020",44120,SurveyMonkey,8250,lv,0,0,53, 51.69 ,51.89918,T,71254,133455
20,Pennsylvania,44138,Joseph R. Biden Jr.,"Friday, September 18, 2020",44119,SurveyMonkey,7804,lv,0.0514985,0.0021273,53,51.68642,51.92569,T,71193,133328
2020,Pennsylvania,44138,Joseph R. Biden Jr.,"Thursday, September 17, 2020",44118,SurveyMonkey,7258,lv,0.0514726,0.0014234,52,50.68518,50.95111,T,71119,133178
2020,Pennsylvania,44138,Joseph R. Biden Jr.,"Wednesday, September 16, 2020",44117,SurveyMonkey,6946,lv,0.0538964,0.0007444,52,50.68518,50.97828,T,71025,132971
2020,Pennsylvania,44138,Joseph R. Biden Jr.,"Tuesday, September 15, 2020",44116,SurveyMonkey,6613,lv,0.0548532,0,52,50.68518,51.00731,T,70963,132793
2020,Pennsylvania,44138,Joseph R. Biden Jr.,"Monday, June 8, 2020",6/30/2020,SurveyMonkey,2184,lv,0.6113764,0,50.14,48.82467,50.0032,,70459,131313
2020,Pennsylvania,44138,Joseph R. Biden Jr.,"Wednesday, July 1, 2020",7/31/2020,SurveyMonkey,4208,lv,0.6495393,0,50.29,48.97462,50.28554,,70409,131211
2020,Pennsylvania,44138,Joseph R. Biden Jr.,"Saturday, August 1, 2020",8/31/2020,SurveyMonkey,3531,lv,0.641258,0,52.76,51.44606,52.54606,,70359,131109
20,Pennsylvania,44138,Joseph R. Biden Jr.,44075,9/30/2020,SurveyMonkey,4613,lv,0.5576418,0,51.74,50.42497,51.25911,T,70307,131002
2020,North Carolina,44138,Joseph R. Biden Jr.,44120,44133,SurveyMonkey,5356,lv,0.034702,0.0214054,51,49.35719,49.33493,T,72368,135808
2020,North Carolina,44138,Joseph R. Biden Jr.,"Wednesday, September 30, 2020",44131,SurveyMonkey,8354,lv,0.027237,0.007383,51,49.35719,49.32861,T,72111,135238
2020,North Carolina,44138,Joseph R. Biden Jr.,"Sunday, September 27, 2020",44129,SurveyMonkey,7766,lv,0.0952857,0.017224,52,50.35776,50.35212,T,72001,135004
2020,North Carolina,44138,Joseph R. Biden Jr.,"Sunday, September 27, 2020",44128,SurveyMonkey,7620,lv,0,0,52,50.35776,50.36425,T,71916,134830
2020,North Carolina,44138,Joseph R. Biden Jr.,"Friday, September 25, 2020",44127,SurveyMonkey,7530,lv,0.0723681,0.0104121,52,50.35776,50.3774,T,71849,134695
2020,North Carolina,44138,Joseph R. Biden Jr.,"Friday, September 25, 2020",44126,SurveyMonkey,7271,lv,0,0,52,50.35776,50.43579,T,71788,134564
2020,North Carolina,44138,Joseph R. Biden Jr.,"Thursday, September 24, 2020",44125,SurveyMonkey,7119,lv,0.0468773,0.0026509,52,50.35776,50.45454,T,71705,134365
2020,North Carolina,44138,Joseph R. Biden Jr.,"Wednesday, September 23, 2020",44124,SurveyMonkey,6850,lv,0.0461326,0.0019437,52,50.35776,50.47496,T,71592,134140
2020,North Carolina,44138,Joseph R. Biden Jr.,"Monday, September 21, 2020",44123,SurveyMonkey,6483,lv,0.087368,0.0023439,52,50.35776,50.49634,T,71490,133928
2020,North Carolina,44138,Joseph R. Biden Jr.,"Monday, September 21, 2020",44122,SurveyMonkey,6225,lv,0,0,52,50.35776,50.51808,T,71405,133745
2020,North Carolina,44138,Joseph R. Biden Jr.,"Sunday, September 20, 2020",44121,SurveyMonkey,6100,lv,0.0469036,0,52,50.35776,50.54639,T,71323,133583
2020,North Carolina,44138,Joseph R. Biden Jr.,"Saturday, September 19, 2020",44120,SurveyMonkey,5989,lv,0.0483673,0,52,50.35776,50.5706,T,71265,133466
2020,North Carolina,44138,Joseph R. Biden Jr.,"Friday, September 18, 2020",44119,SurveyMonkey,5735,lv,0.0493451,0,52,50.35776,50.59957,T,71204,133339
2020,North Carolina,44138,Joseph R. Biden Jr.,"Wednesday, September 16, 2020",,SurveyMonkey,5387,lv,0.0959435,0,52,50.35776,50.63032,T,71130,133189
2020,North Carolina,44138,Joseph R. Biden Jr.,"Tuesday, September 15, 2020",,SurveyMonkey,5112,lv,0.0501925,0,52,50.35776,50.66297,T,71036,132982
2020,North Carolina,44138,Joseph R. Biden Jr.,44089,44116,SurveyMonkey,4912,lv,0,0,52,50.35776,50.69674,T,70958,132788
2020,North Carolina,"Tuesday, November 3, 2020",Joseph R. Biden Jr.,43990,"Tuesday, June 30, 2020",SurveyMonkey,1498,lv,0.5789885,0,49.22,47.57825,48.6743,,70470,131324
2020,North Carolina,"Tuesday, November 3, 2020",Joseph R. Biden Jr.,44013,"Friday, July 31, 2020",SurveyMonkey,3466,lv,0.6403064,0,48.59,46.94926,48.19425,,70419,131222
2020,North Carolina,"Tuesday, November 3, 2020",Joseph R. Biden Jr.,44044,"Monday, August 31, 2020",SurveyMonkey,2914,lv,0.6306757,0,48,46.36051,47.4614,,70369,131120
2020,North Carolina,"Tuesday, November 3, 2020",Joseph R. Biden Jr.,44075,"Wednesday, September 30, 2020",SurveyMonkey,3475,lv,0.5397518,0,52.21,50.56799,51.45257,T,70318,131013
2020,North Carolina,44138,Joseph R. Biden Jr.,"Friday, October 23, 2020",44130,SurveyUSA,627,lv,1.253385,1.008209,48,47.55069,47.54078,,72061,135097
2020,North Carolina,44138,Joseph R. Biden Jr.,44112,44115,SurveyUSA,669,lv,1.314094,0.2782566,50,49.55013,49.53636,,70743,132432
2020,North Carolina,44138,Joseph R. Biden Jr.,44084,44087,SurveyUSA,596,lv,1.198986,0,47,46.55131,47.5979,,69444,129337
2020,North Carolina,44138,Joseph R. Biden Jr.,44111,44115,Susquehanna Polling & Research Inc.,500,lv,0.6815998,0.1176212,48,48.36422,48.36791,,70990,132847
2020,PA,1/20/1900,Joseph R. Biden Jr.,44127,10/26/2020,Swayable,491,l,0.2296114,0.1783648,51.9,51.66276,51.64037,,72307,135647
2020,Pennsylvania,44138,Joseph R. Biden Jr.,"Thursday, September 3, 2020",9/6/2020,TargetSmart/William & Mary,835,lv,0.8708358,0,51,50.74911,51.80082,,69392,129237
2020,Pennsylvania,11/3/2020,Joseph R. Biden Jr.,NA,10/25/2020,Trafalgar Group,1076,lv,0.3942119,0.3050823,47.6,50.04585,50.01465,,72337,135721
2020,Pennsylvania,44138,Joseph R. Biden Jr.,"Tuesday, October 13, 2020",44119,Trafalgar Group,1041,lv,0.3471905,0.1063408,47.5, 49.95 ,49.88797,,71366,133641
2020,Pennsylvania,44138,Joseph R. Biden Jr.,"Saturday, October 10, 2020",44116,Trafalgar Group,1034,lv,0.3652195,0.0974395,47.4,49.84554,49.80641,,70773,132394
2020,Pennsylvania,44138,Joseph R. Biden Jr.,44092,9/21/2020,Trafalgar Group,1006,lv,0.4208126,0,48.1,50.54643,51.3217,,69966,130296
2020,Pennsylvania,44138,Joseph R. Biden Jr.,"Tuesday, September 15, 2020",9/17/2020,Trafalgar Group,1006,lv,0.4208126,0,47.3,49.74536,50.63671,,69568,129614
2020,Pennsylvania,44138,Joseph R. Biden Jr.,44011,44014,Trafalgar Group,1062,lv,0.6611881,0,48,50.44634,51.64483,,66997,125183
2020,North Carolina,44138,Joseph R. Biden Jr.,"Tuesday, October 20, 2020",44126,Trafalgar Group,1098,lv,0.5136473,0.2365379,46,48.00235,47.93728,,71891,134752
2020,North Carolina,44138,Joseph R. Biden Jr.,44083,44085,Trafalgar Group,1046,lv,0.6584518,0,46.1,48.10265,49.15794,,69442,129335
2020,North Carolina,"Tuesday, November 3, 2020",Joseph R. Biden Jr.,44092,"Friday, September 25, 2020",University of Massachusetts Lowell,921,lv,1.369749,0,47.5,47.82693,48.58702,,70044,130466
2020,Pennsylvania,11/3/2020,Joseph R. Biden Jr.,10/17/2020,44129,Univision/Latino Decisions/North Star Opinion Research,723,rv,0.79,0.4646651,50,50.76165,50.70881,,72150,135277
2020,Pennsylvania,44138,Joseph R. Biden Jr.,"Monday, October 5, 2020",44113,Whitman Insight Strategies,517,lv,0.6249694,0.1249939,51,50.87439,50.91649,,70736,132328
2020,Pennsylvania,44138,Joseph R. Biden Jr.,10/13/2020,44125,YouGov,669,lv,0.49,0.1858421,52,51.93066,51.88079,,71947,134866
2020,Pennsylvania,44138,Joseph R. Biden Jr.,"Wednesday, September 30, 2020",44106,YouGov,1187,lv,1.099269,0.0666887,51,50.93061,51.13213,,70548,131595
2020,Pennsylvania,44138,Joseph R. Biden Jr.,"Thursday, September 10, 2020",9/21/2020,YouGov,642,lv,0.9724195,0,49,48.93061,49.83854,,69715,130005
2020,Pennsylvania,44138,Joseph R. Biden Jr.,44039,44049,YouGov,742,rv,0.6734251,0,50,50.81877,51.94977,,67969,127273
2020,Pennsylvania,44138,Joseph R. Biden Jr.,44047,44050,YouGov,1211,lv,1.190209,0,49,48.93061,50.00671,,67962,127266
2020,North Carolina,44138,Joseph R. Biden Jr.,"Tuesday, October 20, 2020",44127,YouGov,1022,lv,1.082115,0.6437211,51,50.99104,50.94944,,71889,134747
2020,North Carolina,"Tuesday, November 3, 2020",Joseph R. Biden Jr.,44096,"Friday, September 25, 2020",YouGov,1213,lv,1.411611,0,48,47.99105,48.6738,,69992,130352
2020,North Carolina,44138,Joseph R. Biden Jr.,44040,44043,YouGov,1129,lv,1.4,0,48,47.99105,49.14478,,67859,127044
2020,Pennsylvania,44138,Joseph R. Biden Jr.,44033,44035,Zogby Interactive/JZ Analytics,809,lv,0.9108042,0,44,45.61366,46.83666,,67916,127142
2020,North Carolina,44138,Joseph R. Biden Jr.,44033,44035,Zogby Interactive/JZ Analytics,809,lv,0.9,0,44,45.16585,46.36098,,67917,127143
2020,Pennsylvania,44138,,,,,,,,,,,,,,
2020,Pennsylvania,44138,,,,,,,,,,,,,,
2020,North Carolina,44138,Joseph R. Biden Jr.,44132,44133,,800,lv,0.8310384,0.7756604,47,47.57376,47.56439,,72326,135691
2020,North Carolina,44138,Joseph R. Biden Jr.,44131,44132,,750,lv,0.868606,0.7836514,45.9,46.51174,46.49648,,72321,135682
2020,North Carolina,44138,Joseph R. Biden Jr.,44127,44130,,396,lv,0.2462258,0.1975596,50.2,49.43082,49.4129,,72303,135643
2020,North Carolina,44138,Joseph R. Biden Jr.,44105,44132,,8720,lv,0.4078603,0.118292,52,50.35776,50.32813,T,72265,135605
2020,North Carolina,44138,Joseph R. Biden Jr.,44130,44133,,903,lv,0.9176647,0.827912,49,49.4188,49.41081,,72236,135522
2020,North Carolina,44138,Joseph R. Biden Jr.,44127,44131,,1034,lv,2.090692,1.68154,48,48.64655,48.62294,,72215,135476
2020,North Carolina,44138,Joseph R. Biden Jr.,44124,44130,,911,lv,1.36006,0.8723148,48,48.32711,48.28825,,72207,135447
